[{"spell": "YHVH", "clearfix": ["n.(=Yahwe)耶和华（圣经旧约中对上帝的称呼）"]}, {"spell": "Y", "clearfix": ["n.英语字母表的第25个字母; 基督教青年会（或女青年会）旅馆"]}, {"spell": "YL", "clearfix": ["[计]= Yield Load,屈服点负载"]}, {"spell": "YWCA", "clearfix": ["abbr.Young Women\\\\\\\\\\\\'s Christian Association 基督教女青年会"]}, {"spell": "Yahveh", "clearfix": ["n.耶和华（基督教的上帝）"]}, {"spell": "Yale", "clearfix": ["n.耶鲁"]}, {"spell": "Yangtze River", "clearfix": ["长江"]}, {"spell": "yot", "clearfix": ["abbr.youthful offender treatment 青年犯处罚"]}, {"spell": "Yahweh", "clearfix": ["耶和华〔希伯来语中对上帝的称呼〕"]}, {"spell": "Y chromosome", "clearfix": ["n.Y染色体（性染色体的一种）"]}, {"spell": "Yardie", "clearfix": ["n.亚迪（牙买加人贩毒运毒集团成员）"]}, {"spell": "Yahwe", "clearfix": ["n.耶和华（基督教的上帝）"]}, {"spell": "YYC", "clearfix": ["abbr.Calgary;  Alberta;  Canada 加拿大; 阿尔伯达省"]}, {"spell": "YAR", "clearfix": ["abbr.York-Antwerp Rules 约克安特卫普规则（共同海损理算规则）"]}, {"spell": "Yakut", "clearfix": ["n.雅库特，雅库特人（语）"]}, {"spell": "Yakima", "clearfix": ["(pl. Yakima,Yakimas)雅吉瓦人（住在美国的印第安部族人） 雅吉瓦语"]}, {"spell": "YOS", "clearfix": ["abbr.Oil Storage Barge(non-self-propelled) 油料储藏驳船（非机动式的）（美国海军船舰符号）; yttrium orthosilicate 原硅酸钇"]}, {"spell": "YACC", "clearfix": ["YACC语言"]}, {"spell": "Yangon", "clearfix": ["仰光（缅甸首都）（即Rangoon）"]}, {"spell": "Yangtze", "clearfix": ["扬子江，长江"]}, {"spell": "Yakuts", "clearfix": ["n.雅库特，雅库特人（语）( Yakut的名词复数 )"]}, {"spell": "Yaba", "clearfix": ["[地名] [布基纳法索、刚果共和国、古巴、尼日利亚] 亚瓦"]}, {"spell": "YRT", "clearfix": ["[医][=yield reduction test]收率减低试验"]}, {"spell": "YAA", "clearfix": ["abbr.Yachtsmen's Association of America 美国帆船驾驶员协会"]}, {"spell": "Yancey", "clearfix": ["n.燕西(m.)"]}, {"spell": "YAF", "clearfix": ["abbr.Young Americans for Freedom 美国青年争取自由组织"]}, {"spell": "YMCA", "clearfix": ["abbr.Young Men's Christian Association 基督教青年会"]}, {"spell": "Yanqui", "clearfix": ["<西>美国人（别于拉丁美洲人）"]}, {"spell": "Yokohama", "clearfix": "横滨"}, {"spell": "Yona", "clearfix": ["[地名] [关岛（美）] 约纳"]}, {"spell": "Yankee", "clearfix": ["n.美国佬，美国人; 北部人，北方佬; （南北战争时的）北军", "adj.美国北方人的; 美国佬式的"]}, {"spell": "Yanjing", "clearfix": ["[地名] [中国] 盐井"]}, {"spell": "Yeager", "clearfix": ["[人名] 耶格尔"]}, {"spell": "Yest", "clearfix": ["n.雅思特企业有限公司"]}, {"spell": "Yonkers", "clearfix": ["扬克斯（美国纽约州东南部城市）"]}, {"spell": "Yis", "clearfix": ["abbr.Yisroel (Yiddish=Israel) （意第绪语）以色列"]}, {"spell": "yellow journalism", "clearfix": ["n.黄色新闻"]}, {"spell": "Yacolt", "clearfix": "雅科尔特"}, {"spell": "Yangshuo", "clearfix": ["阳朔"]}, {"spell": "Yeso", "clearfix": ["[地名] [多米尼加共和国、美国] 耶索"]}, {"spell": "Yetts", "clearfix": ["[人名] [北方英格兰人姓氏] 耶茨 Yate的变体"]}, {"spell": "Yiddish", "clearfix": ["n.意第绪语，依地语（犹太人使用的国际语）", "adj.第绪语的，<俚>犹太人的"]}, {"spell": "Yellow Pages", "clearfix": ["电话黄页"]}, {"spell": "Yates", "clearfix": ["[男子名] [北方英格兰人姓氏] 耶茨 Yate的变体; [地名] [美国] 耶茨"]}, {"spell": "Yemen", "clearfix": ["n.也门（西南亚国家）"]}, {"spell": "Yoruba", "clearfix": ["n.（非洲）约鲁巴人（语）"]}, {"spell": "Yours faithfully", "clearfix": ["（用于正式信函的末尾，署名之前）你忠实的"]}, {"spell": "Yetus", "clearfix": ["(=Cymbium)瓜螺属"]}, {"spell": "Yoe", "clearfix": ["[人名] 约; [地名] [美国] 约镇"]}, {"spell": "Yeats", "clearfix": ["叶芝，耶茨（姓氏； William Butler, 1865-1939，爱尔兰诗人及剧作家，曾获1923年诺贝尔文学奖）"]}, {"spell": "Yorkshire pudding", "clearfix": ["n.约克郡布丁"]}, {"spell": "Yade", "clearfix": "耶德"}, {"spell": "Ypres", "clearfix": ["[人名] 伊普尔; [地名] [比利时] 伊普尔（伊珀尔的法语名称）"]}, {"spell": "Yoder", "clearfix": ["[人名] 约德; [地名] [美国] 约德"]}, {"spell": "Yeddo", "clearfix": "伊多"}, {"spell": "yesterdays", "clearfix": ["n.昨天( yesterday的名词复数 )"]}, {"spell": "Yom Kippur", "clearfix": ["n.犹太人的赎罪日"]}, {"spell": "Yesinia enterocolitica", "clearfix": "肠结肠炎耶辛氏菌"}, {"spell": "Yoko", "clearfix": ["[人名] 约科; [地名] [喀麦隆] 约科"]}, {"spell": "Youl", "clearfix": ["n.(Youl)人名; (布基)尤尔"]}, {"spell": "Yerks", "clearfix": ["[人名] 耶克斯"]}, {"spell": "You bet", "clearfix": ["<俗>当然，真的，的确"]}, {"spell": "Yuko", "clearfix": ["n.(Yuko)人名; (日)汤古(姓)"]}, {"spell": "Yue", "clearfix": ["= Cantonese n. (1)"]}, {"spell": "You reap what you sow", "clearfix": ["pr.一分耕耘，一分收获"]}, {"spell": "yours truly", "clearfix": ["我，鄙人; 不佞; 敬上"]}, {"spell": "Yanks", "clearfix": ["n.美国人( Yank的名词复数 ); 美国佬; 美国北部各州的人; （美国南北战争时期的）北军"]}, {"spell": "Yaltopya", "clearfix": "阿尔托皮亚"}, {"spell": "Yie", "clearfix": ["abbr.Young interference experiment 杨氏（双缝）干涉实验"]}, {"spell": "Yong", "clearfix": ["[人名] [英格兰人姓氏] 扬 Young的变体"]}, {"spell": "Yreka", "clearfix": ["[地名] [美国] 怀里卡"]}, {"spell": "Yp", "clearfix": ["abbr.Yersinia pseudotuberculosis 假结核耶尔森菌"]}, {"spell": "Youngs", "clearfix": ["[人名] [英格兰人姓氏] 扬斯取自父名，来源于young,含义是“扬之子”(son of Young)"]}, {"spell": "Yuen", "clearfix": ["n.（粤音）袁氏"]}, {"spell": "young pioneer", "clearfix": ["少先队员"]}, {"spell": "yellow jacket", "clearfix": ["n.小黄蜂，黄马褂"]}, {"spell": "Yellowstone", "clearfix": ["n.黄石国家公园，黄石河; [电影]IMAX电影:黄石仙境"]}, {"spell": "Yemeni", "clearfix": ["n.也门人", "adj.也门的，也门人的"]}, {"spell": "Youth Day", "clearfix": ["青年节"]}, {"spell": "Yt", "clearfix": ["n.钇"]}, {"spell": "Yujin", "clearfix": ["[地名] [朝鲜] 榆津"]}, {"spell": "You have my word", "clearfix": "我向你保证"}, {"spell": "Yugoslavia", "clearfix": ["n.南斯拉夫"]}, {"spell": "Yorkshire", "clearfix": ["n.约克郡，约克夏（英国英格兰原郡名）"]}, {"spell": "Yugas", "clearfix": "尤加斯"}, {"spell": "Yukon", "clearfix": ["育空（加拿大一地区） 重电子，汤川子"]}, {"spell": "Yucatan", "clearfix": ["尤卡坦半岛"]}, {"spell": "Ypsilanti", "clearfix": ["[地名] [美国] 伊普西兰蒂"]}, {"spell": "You will never guess.", "clearfix": "你永远猜不到。"}, {"spell": "York", "clearfix": ["约克角（澳大利亚东北部）（在约克角半岛）"]}, {"spell": "Your) Royal Highness", "clearfix": "殿下"}, {"spell": "you", "clearfix": ["pron.你; 你们，您们; 各位; 大家"]}, {"spell": "Yule", "clearfix": ["[人名] [苏格兰人、英格兰人姓氏] 尤尔绰号，生于圣诞节或与圣诞节有关的人，来源于中世纪英语，含义是“圣诞节节期”(Christmastide)"]}, {"spell": "Yvette", "clearfix": ["n.伊薇特(f.)", "[女子名] 伊薇特 Yve的阴性"]}, {"spell": "Yuletide", "clearfix": ["n.圣诞节期间；圣诞季节"]}, {"spell": "Yumi", "clearfix": ["[人名]悠美/有实"]}, {"spell": "Yuman", "clearfix": ["n.尤马语系", "adj.尤马人的，尤马语组的"]}, {"spell": "Yutan", "clearfix": ["[地名] [美国] 尤坦"]}, {"spell": "Yuma", "clearfix": ["n.尤马，尤马族（人，语）（美国或墨西哥的一印第安部落）"]}, {"spell": "y-axis", "clearfix": ["n.Y轴，纵坐标轴"]}, {"spell": "YY", "clearfix": ["n.（网络用语）意淫的缩写; 出自<红楼梦>第六回; 精神上行淫。在网络上其意得到进一步推广; 凡信心极度膨胀的小说"]}, {"spell": "Yumiko", "clearfix": ["n.由美子（日本女子名）"]}, {"spell": "Yada", "clearfix": "是的"}, {"spell": "Yoshiki", "clearfix": "吉木"}, {"spell": "Yazhou", "clearfix": "亚州"}, {"spell": "YouTube", "clearfix": "你的管子"}, {"spell": "ya", "clearfix": ["abbr.yarn 线; yaw axis 偏航轴; young adults 青壮年", "pron.&det.你，你的（书写时用，表示口语的you或your）"]}, {"spell": "yager", "clearfix": ["n.狙击兵"]}, {"spell": "yacare", "clearfix": ["n.宽吻鳄"]}, {"spell": "yachts", "clearfix": ["n.快艇，帆船，游艇( yacht的名词复数 )"]}, {"spell": "Yahtzee", "clearfix": ["n.<主美>（用掷骰子和记分表进行的）“快艇”游戏"]}, {"spell": "yaff", "clearfix": ["v.吠，以锐声叫"]}, {"spell": "yack", "clearfix": ["n.废话，哄堂大笑"]}, {"spell": "yagi", "clearfix": ["n.八木天线，引向反射天线"]}, {"spell": "yacht", "clearfix": ["n.帆船; 游艇"]}, {"spell": "yabbers", "clearfix": ["v.<澳口>谈话，闲聊( yabber的第三人称单数 )"]}, {"spell": "yabbering", "clearfix": ["v.<澳口>谈话，闲聊( yabber的现在分词 )"]}, {"spell": "yachtswoman", "clearfix": ["n.快艇（或游艇）的女主人，驾驶快艇（或游艇）的女子，女帆船运动员"]}, {"spell": "yakuza", "clearfix": "黑帮"}, {"spell": "yakking", "clearfix": ["v.<非正，贬>没完没了地谈些无关要紧的事，喋喋不休，唠叨( yak的现在分词 )"]}, {"spell": "yachter", "clearfix": ["n.乘快艇者"]}, {"spell": "yakin", "clearfix": ["n.扭角羚"]}, {"spell": "yaffle", "clearfix": ["n.绿色啄木鸟"]}, {"spell": "yair", "clearfix": ["adv.<澳>是"]}, {"spell": "yah", "clearfix": ["int.呀（表示不愉快，嘲笑之声音）"]}, {"spell": "yammer", "clearfix": ["v.叹息，哭泣，抱怨", "n.哭诉，无聊话，气愤的抱怨"]}, {"spell": "yachtsman", "clearfix": ["n.游艇主人; 游艇驾驶者"]}, {"spell": "Yalie", "clearfix": ["n.<美口>（美国）耶鲁大学学生（或毕业生）"]}, {"spell": "yapok", "clearfix": ["n.蹼足负鼠"]}, {"spell": "yamun", "clearfix": ["n.衙门，官衙"]}, {"spell": "Your) Majesty", "clearfix": "陛下"}, {"spell": "yammers", "clearfix": ["v.叹息，哭泣，抱怨( yammer的第三人称单数 )"]}, {"spell": "yapon", "clearfix": ["n.代茶冬青"]}, {"spell": "yakitori", "clearfix": ["n.烤鸡肉串，串肉扦上腌泡过的小鸡块"]}, {"spell": "yantra", "clearfix": ["n.具（印度教和佛教坐禅时所用的线形图案）"]}, {"spell": "yamp", "clearfix": ["n.葛缕子"]}, {"spell": "yabbered", "clearfix": ["v.<澳口>谈话，闲聊( yabber的过去式和过去分词 )"]}, {"spell": "yardarm", "clearfix": ["n.桁端，横杆端"]}, {"spell": "Yaqui", "clearfix": ["n.雅基族（人，语）（一印第安族），雅基河"]}, {"spell": "Yalu", "clearfix": ["n.鸭绿江"]}, {"spell": "yarned", "clearfix": ["vi.讲故事（yarn的过去式与过去分词形式）"]}, {"spell": "Yahwism", "clearfix": ["n.耶和华崇拜，崇拜耶和华的宗教，以耶和华为上帝之名"]}, {"spell": "yabber", "clearfix": ["n.<澳口>谈话，闲聊; 含糊不清的说话", "vt.饶舌; 急促、含糊不清地说"]}, {"spell": "yardbird", "clearfix": ["n.新兵，囚犯"]}, {"spell": "yarmulke", "clearfix": ["n.（犹太男子在祷告，学习，吃饭等时戴的）圆顶小帽"]}, {"spell": "yama", "clearfix": ["[体]禁戒"]}, {"spell": "Yankee shrewdness", "clearfix": ["n.极刻薄"]}, {"spell": "yahoos", "clearfix": ["n.雅虎( yahoo的名词复数 ); （英国作家Swift小说中<<格列佛游记>>中的）人行兽; yahoo此字可追溯到格利佛的<小人国游记>，yahoo的意思是各种野蛮"]}, {"spell": "yanking", "clearfix": ["v.猛拉（某物）( yank的现在分词 ); 拿某人开涮，跟某人开玩笑"]}, {"spell": "yamen", "clearfix": ["n.中国古代之衙门"]}, {"spell": "Yamaha", "clearfix": ["n.雅马哈（山叶）商标"]}, {"spell": "yarmulka", "clearfix": ["n.（犹太男子在祷告，学习，吃饭等时戴的）圆顶小帽"]}, {"spell": "yang", "clearfix": ["n.<汉>阳; 雁鸣声"]}, {"spell": "yams", "clearfix": ["n.薯蓣( yam的名词复数 ); 山药; 甘薯; 白薯"]}, {"spell": "yachting", "clearfix": ["n.快艇，游艇; （竞赛用的）帆船", "v.驾快艇(yacht的ing形式)"]}, {"spell": "yahoo", "clearfix": ["n.雅虎; （英国作家Swift小说中<<格列佛游记>>中的）人行兽; yahoo此字可追溯到格利佛的<小人国游记>，yahoo的意思是各种野蛮; 粗鲁的人", "int.（表示高兴）哈哈，哇哈"]}, {"spell": "yammered", "clearfix": ["v.叹息，哭泣，抱怨( yammer的过去式和过去分词 )"]}, {"spell": "Yalta", "clearfix": ["雅尔塔（苏联克里米亚半岛南岸港市）"]}, {"spell": "yapping", "clearfix": ["v.<贬> （尤指小狗）尖叫，狂吠( yap的现在分词 ); <非正>（对一些无关紧要的事）哇啦哇啦地说个不停"]}, {"spell": "Yamato-e", "clearfix": ["n.和式绘，浮世绘"]}, {"spell": "yarning", "clearfix": ["vi.讲故事（yarn的现在分词形式）"]}, {"spell": "yan", "clearfix": ["n.雁鸣", "vi.作雁鸣声"]}, {"spell": "yam", "clearfix": ["n.薯蓣; 山药; 甘薯; 白薯"]}, {"spell": "yapock", "clearfix": ["n.（热带美洲的）蹼足负鼠"]}, {"spell": "yak", "clearfix": ["n.牦牛; 笑话", "vi.<非正，贬>没完没了地谈些无关要紧的事，喋喋不休，唠叨"]}, {"spell": "yapped", "clearfix": ["adj.卷边装钉的", "v.<贬> （尤指小狗）尖叫，狂吠( yap的过去式和过去分词 ); <非正>（对一些无关紧要的事）哇啦哇啦地说个不停"]}, {"spell": "yanked", "clearfix": ["v.猛拉（某物）( yank的过去式和过去分词 ); 拿某人开涮，跟某人开玩笑"]}, {"spell": "yashmac", "clearfix": ["双层面纱"]}, {"spell": "yarage", "clearfix": ["n.可操纵性，操纵灵活性"]}, {"spell": "yardage", "clearfix": ["n.火车站内栏舍之使用费，按码计算; 方码数; 尺码"]}, {"spell": "yaourt", "clearfix": ["n.酸乳酪"]}, {"spell": "Yaounde", "clearfix": ["n.雅温德（非洲喀麦隆的首都）"]}, {"spell": "yapp", "clearfix": ["n.卷边装钉，卷边封面"]}, {"spell": "yardmaster", "clearfix": ["n.<美>调车场场长"]}, {"spell": "yachted", "clearfix": "游艇"}, {"spell": "yarrow", "clearfix": ["n.西洋蓍草"]}, {"spell": "yarding", "clearfix": ["n.堆置成方，集材（机）; 集居"]}, {"spell": "yarborough", "clearfix": ["n.没有超过九点的一手牌"]}, {"spell": "Yaren", "clearfix": ["亚伦（西太平洋岛国瑙鲁首都）"]}, {"spell": "yardsticks", "clearfix": ["n.比较或衡量的标准，尺度( yardstick的名词复数 )"]}, {"spell": "yammering", "clearfix": ["v.叹息，哭泣，抱怨( yammer的现在分词 )"]}, {"spell": "yardstick", "clearfix": ["n.码尺; 尺度"]}, {"spell": "yard sale", "clearfix": ["n.现场出售，院子买卖"]}, {"spell": "yaps", "clearfix": ["abbr.yaw and pitch sensor 片航和前后颠簸传感器", "n.<贬> （尤指小狗）尖叫，狂吠( yap的名词复数 ); <非正>（对一些无关紧要的事）哇啦哇啦地说个不停", "v.<贬> （尤指小狗）尖叫，狂吠( yap的第三人称单数 ); <非正>（对一些无关紧要的事）哇啦哇啦地说个不停"]}, {"spell": "yaks", "clearfix": ["n.牦牛( yak的名词复数 ); 笑话", "v.<非正，贬>没完没了地谈些无关要紧的事，喋喋不休，唠叨( yak的第三人称单数 )"]}, {"spell": "yappy", "clearfix": ["adj.喜欢叫嚷的，粗汉的"]}, {"spell": "yank", "clearfix": ["v.猛拉，猛拽"]}, {"spell": "yardang", "clearfix": ["n.风蚀土脊，白龙堆"]}, {"spell": "yarns", "clearfix": ["n.纱( yarn的名词复数 ); 纱线; 奇闻漫谈; 旅行轶事"]}, {"spell": "yarn", "clearfix": ["n.纱，线; （尤指）毛线; 故事; （旅行）轶事"]}, {"spell": "yards", "clearfix": ["n.院子( yard的名词复数 ); 码（等于3英尺或36英寸或0。9144米）; 场地; 帆桁"]}, {"spell": "yardwand", "clearfix": ["n.<主英><古>码尺（指直尺）"]}, {"spell": "yarke", "clearfix": ["n.狐尾猴"]}, {"spell": "yapper", "clearfix": "太棒了"}, {"spell": "yare", "clearfix": ["adj.敏捷的，灵敏的"]}, {"spell": "yard", "clearfix": ["n.院子; 码（等于3英尺或36英寸或0.9144米）; 场地; 帆桁"]}, {"spell": "yardman", "clearfix": ["n.园丁; 场地工人; 调度员; 庭院打杂工人"]}, {"spell": "yap", "clearfix": ["vi.<贬> （尤指小狗）尖叫，狂吠; <非正>（对一些无关紧要的事）哇啦哇啦地说个不停"]}, {"spell": "Your) Excellency", "clearfix": "阁下"}, {"spell": "yashmak", "clearfix": ["n.（某些国家伊斯兰教妇女在公共场合所戴的）面纱"]}, {"spell": "yagis", "clearfix": "雅吉斯"}, {"spell": "yamato", "clearfix": "雅马托"}, {"spell": "Yasukuni Shrine", "clearfix": ["靖国神社"]}, {"spell": "yawner", "clearfix": ["n.（非正式）及其乏味的事; 打哈欠的人"]}, {"spell": "yawning", "clearfix": ["n.打呵欠", "adj.张着大嘴的，打哈欠的", "v.打呵欠( yawn的现在分词 ); 张开，裂开"]}, {"spell": "yawns", "clearfix": ["n.乏味或枯燥的事物( yawn的名词复数 )", "v.打呵欠( yawn的第三人称单数 ); 张开，裂开"]}, {"spell": "yean", "clearfix": ["v.（绵羊或山羊）产小羊"]}, {"spell": "yatter", "clearfix": ["v.<俚>瞎聊"]}, {"spell": "yawp", "clearfix": ["vi.大声叫嚷，<口>高声打哈欠", "n.叫喊声; 喧闹; 噪声; 蠢话"]}, {"spell": "yatagan", "clearfix": ["n.穆斯林弯刀"]}, {"spell": "year in and year out", "clearfix": ["一年到头; 成年累月; 年复一年; 年年如此"]}, {"spell": "yauld", "clearfix": ["adj.活跃的，敏捷的"]}, {"spell": "yawper", "clearfix": ["n.吵闹者，抱怨的人"]}, {"spell": "year in year out", "clearfix": ["年年，岁岁，年年如此; 成年累月; 长年累月; 常年"]}, {"spell": "yawl", "clearfix": ["n.快艇; 小帆船"]}, {"spell": "yeanling", "clearfix": ["n.小羊，小山羊，小绵羊"]}, {"spell": "yclept", "clearfix": ["adj.<古>名叫…的"]}, {"spell": "yataghan", "clearfix": ["n.（土耳其人用的）弯刀，军刀，马刀"]}, {"spell": "year-end dinner party", "clearfix": ["n.忘年餐会"]}, {"spell": "yaud", "clearfix": ["n.老而无用的（母）马"]}, {"spell": "yawmeter", "clearfix": ["n.偏航计"]}, {"spell": "year-end bonus", "clearfix": ["年终奖金，年终分红"]}, {"spell": "yawning moment", "clearfix": ["方向[盘旋]力矩"]}, {"spell": "yaupon", "clearfix": ["n.代茶冬青"]}, {"spell": "yawned", "clearfix": ["v.打呵欠( yawn的过去式和过去分词 ); 张开，裂开"]}, {"spell": "yay", "clearfix": ["adv.这么；非常", "int.哇（因高兴而欢呼）"]}, {"spell": "yearbooks", "clearfix": ["n.年鉴，年报，年刊( yearbook的名词复数 )"]}, {"spell": "yautia", "clearfix": ["n.箭叶黄体芋"]}, {"spell": "yech", "clearfix": ["int.（表示拒绝或厌恶）哟"]}, {"spell": "yaup", "clearfix": ["n.高声喊叫声，喧嚷声", "v.大声喊叫"]}, {"spell": "yarded", "clearfix": "有院子"}, {"spell": "yegg", "clearfix": ["n.抢劫金库者，强盗"]}, {"spell": "Yazoo", "clearfix": ["n.亚祖河（密西西比河支流之一）"]}, {"spell": "yaws", "clearfix": ["n.雅司病（人体内一种热带传染病）", "v.<术>（船）偏航，偏离航线( yaw的第三人称单数 ); （飞机）偏航"]}, {"spell": "yearlong", "clearfix": ["adj.整整一年的，持续一年的"]}, {"spell": "yeggman", "clearfix": ["n.抢劫金库者，盗贼，恶棍"]}, {"spell": "yeh", "clearfix": ["adv.是，而且"]}, {"spell": "yearned", "clearfix": ["v.渴望，切盼，向往( yearn的过去式和过去分词 )"]}, {"spell": "yawing", "clearfix": ["n.偏航，盘旋", "v.<术>（船）偏航，偏离航线( yaw的现在分词 ); （飞机）偏航"]}, {"spell": "yeans", "clearfix": ["v.（绵羊或山羊）产小羊( yean的第三人称单数 )"]}, {"spell": "yate", "clearfix": ["n.各种桉树，桉树的木材"]}, {"spell": "yaw", "clearfix": ["vi.<术>（船）偏航，偏离航线; （飞机）偏航"]}, {"spell": "yellow croaker", "clearfix": ["黄花鱼; 黄鱼"]}, {"spell": "year-on-year", "clearfix": ["adj.与上年同期数字相比的"]}, {"spell": "year-old", "clearfix": "岁"}, {"spell": "yeaning", "clearfix": ["v.（绵羊或山羊）产小羊( yean的现在分词 )"]}, {"spell": "yell at", "clearfix": ["对…吼叫"]}, {"spell": "yd", "clearfix": ["[医]码(=3英尺)，庭院"]}, {"spell": "year after year", "clearfix": ["年复一年（地）; 年年; 积年累月; 长年累月"]}, {"spell": "year-book", "clearfix": ["[计] 年鉴，年刊"]}, {"spell": "yeld", "clearfix": ["adj.不育的，（指母牛）不分泌乳汁的"]}, {"spell": "yeasts", "clearfix": ["n.酵母( yeast的名词复数 ); 酵母菌; 发面饼; 发酵粉", "v.酵母( yeast的第三人称单数 ); 酵母菌; 发面饼; 发酵粉"]}, {"spell": "yeasty", "clearfix": ["adj.动荡"]}, {"spell": "yeas", "clearfix": ["n.肯定，赞成( yea的名词复数 )"]}, {"spell": "yarely", "clearfix": "是的"}, {"spell": "yawed", "clearfix": ["v.<术>（船）偏航，偏离航线( yaw的过去式和过去分词 ); （飞机）偏航"]}, {"spell": "yearling", "clearfix": ["n.（一两岁的）牛犊，幼鹿，马驹"]}, {"spell": "yellow earth", "clearfix": ["赭石，黄土; 黄壤"]}, {"spell": "yearner", "clearfix": "年鉴"}, {"spell": "yearns", "clearfix": ["v.渴望，切盼，向往( yearn的第三人称单数 )"]}, {"spell": "yelk", "clearfix": ["n.<古><方>蛋黄，卵黄"]}, {"spell": "yearend", "clearfix": "是的"}, {"spell": "yeast cake", "clearfix": ["n.发面饼; 酵母饼，鲜酵母块"]}, {"spell": "yeller", "clearfix": "伊勒"}, {"spell": "year by year", "clearfix": ["一年一年地; 年年; 逐年"]}, {"spell": "yeast extract", "clearfix": ["n.酵母抽提物，酵母膏"]}, {"spell": "yeasting", "clearfix": ["v.酵母( yeast的现在分词 ); 酵母菌; 发面饼; 发酵粉"]}, {"spell": "yeaned", "clearfix": ["v.（绵羊或山羊）产小羊( yean的过去式和过去分词 )"]}, {"spell": "yelling", "clearfix": ["v.叫喊，号叫，叫着说( yell的现在分词 )"]}, {"spell": "yammerer", "clearfix": "Yammer"}, {"spell": "yearningly", "clearfix": ["adv.怀念地，思慕地，同情地; 渴"]}, {"spell": "yearn for", "clearfix": ["v.渴望; 怀; 怀想; 向往"]}, {"spell": "yearly", "clearfix": ["adj.每年（一次）的; 年度的", "adv.每年; 一年一度"]}, {"spell": "year-end", "clearfix": ["n.年终", "adj.年终的"]}, {"spell": "yawping", "clearfix": ["n.大声叫嚷，吵嚷"]}, {"spell": "yell out", "clearfix": ["喊出"]}, {"spell": "yeasted", "clearfix": ["v.酵母( yeast的过去分词 ); 酵母菌; 发面饼; 发酵粉"]}, {"spell": "yeast", "clearfix": ["n.酵母（菌）; 酵母粉，酵母饼，酵母片; 泡，泡沫; 动乱，激动"]}, {"spell": "yell", "clearfix": ["v.叫喊，吼叫", "n.喊叫; 呐喊，欢呼"]}, {"spell": "year-round", "clearfix": ["adj.整年的，一年到头的"]}, {"spell": "yellow fever", "clearfix": ["n.黄热病"]}, {"spell": "yearlies", "clearfix": ["n.每年的，一年一度的( yearly的名词复数 ); 每年，一年一度"]}, {"spell": "yb", "clearfix": ["abbr.yardbird 新兵（限于在军营内活动）"]}, {"spell": "yearbook", "clearfix": ["n.年鉴，年报，年刊"]}, {"spell": "year-long", "clearfix": ["adj.长达一年的，一年之久的"]}, {"spell": "yawn", "clearfix": ["vi.打呵欠; 张开，裂开; <文学>张开大口", "n.呵欠; 无聊的人或事; 裂口"]}, {"spell": "yellow card", "clearfix": ["n.（足球）黄牌"]}, {"spell": "yeastily", "clearfix": "是的"}, {"spell": "yea", "clearfix": ["n.肯定，赞成"]}, {"spell": "years ago", "clearfix": ["多年前"]}, {"spell": "yellow pine", "clearfix": ["n.黄松，黄松木; 短叶松"]}, {"spell": "years old", "clearfix": ["…岁（指年龄）"]}, {"spell": "ye", "clearfix": ["n.Yemen 也门", "pron.你们", "det.（相当于the，用于酒吧、商店等的名称，以使其显得古色古香）"]}, {"spell": "yasmak", "clearfix": "雅斯马克"}, {"spell": "yearning", "clearfix": ["n.渴望; 向往"]}, {"spell": "yearn", "clearfix": ["v.渴望; 向往"]}, {"spell": "yelled", "clearfix": ["v.叫喊，号叫，叫着说( yell的过去式和过去分词 )"]}, {"spell": "yellow", "clearfix": ["adj.黄色的; 黄皮肤的; 黄种人的; 胆怯的", "vt.& vi.（使某物）变黄或发黄", "n.黄色; 黄种人; 黄色颜料"]}, {"spell": "yellow pepper", "clearfix": ["黄胡椒"]}, {"spell": "Yellow River", "clearfix": ["n.黄河"]}, {"spell": "ycleped", "clearfix": "被取消了"}, {"spell": "years", "clearfix": ["n.年( year的名词复数 ); 年纪; 一年的期间; 某年级的学生"]}, {"spell": "yellow wine", "clearfix": ["n.黄酒"]}, {"spell": "year", "clearfix": ["n.年; 年纪; 一年的期间; 某年级的学生"]}, {"spell": "yellow-bellied", "clearfix": ["adj.（北美东部的）黄腹吸汁啄木鸟; 胆小的"]}, {"spell": "yeastiest", "clearfix": "最棒的"}, {"spell": "yellow-dog", "clearfix": ["adj.可耻的"]}, {"spell": "yellower", "clearfix": ["更黄的"]}, {"spell": "yellowback", "clearfix": ["n.廉价小说"]}, {"spell": "yellowcake", "clearfix": ["n.黄饼（核反应燃料重铀酸铵或重铀酸钠的俗称）"]}, {"spell": "yellowed", "clearfix": ["v.（使某物）变黄或发黄( yellow的过去式和过去分词 )"]}, {"spell": "yellowfin", "clearfix": ["黄鳍"]}, {"spell": "yellowhammer", "clearfix": ["n.黄鹉，<美>金翼啄木鸟"]}, {"spell": "yellowbird", "clearfix": ["n.黄雀，金翅雀，黄鹂鸟"]}, {"spell": "yellowing", "clearfix": ["v.（使某物）变黄或发黄( yellow的现在分词 ); 黄化"]}, {"spell": "yellowness", "clearfix": ["n.黄色，猜忌"]}, {"spell": "yellowy", "clearfix": ["adj.淡黄的，略带黄色的"]}, {"spell": "yellowthroat", "clearfix": ["n.黄喉地莺"]}, {"spell": "yellowly", "clearfix": ["成黄色，带黄"]}, {"spell": "yelping", "clearfix": ["v.发出短而尖的叫声( yelp的现在分词 )"]}, {"spell": "yelps", "clearfix": ["n.（因痛苦、气愤、兴奋等的）短而尖的叫声( yelp的名词复数 )", "v.发出短而尖的叫声( yelp的第三人称单数 )"]}, {"spell": "yellows", "clearfix": ["n.枯黄病，黄疸病; 黄色的( yellow的名词复数 ); 黄皮肤的; 黄种人的; 胆怯的", "v.（使某物）变黄或发黄( yellow的第三人称单数 )"]}, {"spell": "yellowtail", "clearfix": ["n.黄鳍短须石首鱼"]}, {"spell": "yelped", "clearfix": ["v.发出短而尖的叫声( yelp的过去式和过去分词 )"]}, {"spell": "yellowlegs", "clearfix": ["n.黄足鹞; 黄腿"]}, {"spell": "yeomanly", "clearfix": ["adj.勇敢的，忠心的", "adv.勇敢地，刚强地"]}, {"spell": "yenite", "clearfix": ["n.黑柱石"]}, {"spell": "yelm", "clearfix": ["n.茅草捆"]}, {"spell": "yells", "clearfix": ["v.叫喊，号叫，叫着说( yell的第三人称单数 )"]}, {"spell": "yenta", "clearfix": ["n.搬弄是非的女人，爱管闲事的女人，长舌妇"]}, {"spell": "yersinia enterocolitica", "clearfix": ["[体]结肠炎耶尔森杆菌"]}, {"spell": "yelp", "clearfix": ["vi.发出短而尖的叫声"]}, {"spell": "yep", "clearfix": ["exclamation（用以表示yes）是的，好了"]}, {"spell": "yellowish", "clearfix": ["adj.微黄色的"]}, {"spell": "yellow sputum", "clearfix": "黄色的痰"}, {"spell": "yellowwood", "clearfix": ["n.产黄色木材的各种树，黄色木材，香槐; 黄木"]}, {"spell": "yeomanry", "clearfix": ["n.自由民，自耕农; 义勇骑兵"]}, {"spell": "yellowish exudate", "clearfix": "黄色渗出物"}, {"spell": "yeoman", "clearfix": ["n.<史>自耕农，自由民; 义勇骑兵队成员"]}, {"spell": "yes and no", "clearfix": ["（对问题的一种两可回答）既肯定又否定，既是又不是，既好又不好"]}, {"spell": "yerd", "clearfix": ["青年中产阶级"]}, {"spell": "yeshivah", "clearfix": ["n.（培养拉比的）犹太神学院，犹太高等学校； 犹太初等[中等]学校"]}, {"spell": "yikes", "clearfix": ["int.<口>（表示惊讶）呀！"]}, {"spell": "yeshiva", "clearfix": ["n.犹太高等学校，犹太初等（或中学）学校"]}, {"spell": "yipping", "clearfix": ["v.犬吠，叫喊( yip的现在分词 )"]}, {"spell": "yobo", "clearfix": ["n.游手好闲的青年人"]}, {"spell": "yeses", "clearfix": ["n.表示同意的答覆，表示同意的人( yes的名词复数 )"]}, {"spell": "yesman", "clearfix": ["n.唯唯诺诺的人，应声虫"]}, {"spell": "Yerevan", "clearfix": ["耶烈万（亚美尼亚共和国首都）（即埃里温）"]}, {"spell": "yeomen", "clearfix": ["n.自耕农，仆人(yeoman的复数); <史>自耕农，自由民( yeoman的名词复数 ); 义勇骑兵队成员"]}, {"spell": "yob", "clearfix": ["n.<英俚>游手好闲且令人讨厌的人"]}, {"spell": "yesterday morning", "clearfix": ["昨天早上"]}, {"spell": "yeuk", "clearfix": ["n.<苏格兰>痒"]}, {"spell": "yeo", "clearfix": ["int.唷（水手拉绳时一道发出的叫声）"]}, {"spell": "Ymir", "clearfix": ["n.（ 北欧神话） 巨人始祖（ 诸神用其遗体创造世界）"]}, {"spell": "yield to maturity", "clearfix": ["（债券等的）到期收益"]}, {"spell": "yill", "clearfix": ["n.<苏格兰>麦芽酒"]}, {"spell": "yersinia pestis", "clearfix": ["鼠疫耶尔辛杆菌"]}, {"spell": "yerk", "clearfix": ["n.<方>笨蛋; 性情古怪的人; 急拉; 肌肉抽搐", "v.痉挛; 急拉; 急推; 急动"]}, {"spell": "yird", "clearfix": ["n.陆地，人间"]}, {"spell": "yips", "clearfix": ["n.犬吠，叫喊声( yip的名词复数 )", "v.犬吠，叫喊( yip的第三人称单数 )"]}, {"spell": "yestermorn", "clearfix": ["n.昨天早晨，昨天早上", "adv.在昨天早晨"]}, {"spell": "yesses", "clearfix": "是的"}, {"spell": "yestern", "clearfix": ["adj.昨日的，在这以前的"]}, {"spell": "yield strength", "clearfix": ["屈变力，屈服强度，抗屈强度"]}, {"spell": "yerba", "clearfix": ["n.巴拉圭茶"]}, {"spell": "yit", "clearfix": ["adv.<美俚>仍; 至今; 益发; 更", "conj.然而，但是"]}, {"spell": "yews", "clearfix": ["n.紫杉( yew的名词复数 )"]}, {"spell": "yesty", "clearfix": ["abbr.yesterday 昨天"]}, {"spell": "yike", "clearfix": ["n.& vi.<澳口>争论，争吵，打架"]}, {"spell": "yelper", "clearfix": "耶尔珀"}, {"spell": "yen", "clearfix": ["n.日元; 渴望，热望"]}, {"spell": "yipe", "clearfix": ["int.表示恐惧、惊讶、沮丧的声音"]}, {"spell": "ylang-ylang", "clearfix": ["n.（菲律宾，马来西亚产的）依兰树（所产的依兰油用于做香水）; 夷兰"]}, {"spell": "yesternight", "clearfix": ["n.在昨夜"]}, {"spell": "yeti", "clearfix": ["n.（西藏高原的）雪人"]}, {"spell": "yield to...", "clearfix": ["屈服于，投降"]}, {"spell": "Yi", "clearfix": ["n.彝语，彝人"]}, {"spell": "yid", "clearfix": ["n.<忌><俚><蔑>犹太人"]}, {"spell": "yestreen", "clearfix": ["n.<苏格兰><诗>昨夜，昨晚", "adv.在昨晚"]}, {"spell": "yester", "clearfix": ["adj.<古><诗>昨日的，在这以前的"]}, {"spell": "yipped", "clearfix": ["v.犬吠，叫喊( yip的过去式和过去分词 )"]}, {"spell": "Yerkish", "clearfix": ["n.耶基斯语（以几何图形符号代表单词、用于人与黑猩猩对话的一种人造语言）"]}, {"spell": "yersinia", "clearfix": ["n.耶尔森氏鼠疫杆菌"]}, {"spell": "yippee", "clearfix": ["int.开心，快乐等时叫起来的感叹词"]}, {"spell": "yippie", "clearfix": ["n.<美俚>雅皮士（年轻政治激进派嬉皮分子）"]}, {"spell": "yields", "clearfix": ["n.产量; 利润; 投资效益( yield的名词复数 )", "v.出产（作物），产生（收益、效益等）; 放弃; 屈服，让步（yield的第三人称单数形式）"]}, {"spell": "yield up", "clearfix": ["交出"]}, {"spell": "yewen", "clearfix": ["adj.用紫杉木做的"]}, {"spell": "yer", "clearfix": ["<美俚>你的，你们的"]}, {"spell": "yes-man", "clearfix": ["应声虫，随声附和的人"]}, {"spell": "yobbo", "clearfix": ["n.小坏蛋，小流氓"]}, {"spell": "yesteryear", "clearfix": ["n.去年; 不久以前"]}, {"spell": "yirr", "clearfix": ["vi.<英方><苏格兰>狂吠，咆哮，怒吼"]}, {"spell": "yin", "clearfix": ["n.阴（阳之对），中国的殷代"]}, {"spell": "yielder", "clearfix": ["n.让步者，屈服者，提供产品的人"]}, {"spell": "yens", "clearfix": "日元"}, {"spell": "yield rate", "clearfix": ["投资实得率，收益率，报酬率"]}, {"spell": "yew", "clearfix": ["n.紫杉; 紫杉木"]}, {"spell": "yes", "clearfix": ["interj.对，是的; 可以，好的; 什么事", "n.赞成（票）; 赞成者"]}, {"spell": "yield to", "clearfix": ["让步于; 使自己受到…的支配; （使）陷入; 接替"]}, {"spell": "yielded", "clearfix": ["vt.屈服，投降（yield的过去式与过去分词形式）"]}, {"spell": "yip", "clearfix": ["n.犬吠，叫喊声", "vi.犬吠，叫喊"]}, {"spell": "yesterday", "clearfix": ["n.昨天; 往昔; <正式>过去", "adv.在昨天，在昨日; 近来"]}, {"spell": "yielding", "clearfix": ["adj.柔软的; 易弯曲的; 顺从的; 服从的"]}, {"spell": "yo-yo", "clearfix": ["n.溜溜球（一种线轴般的玩具）; 优柔寡断的人; 〈美俚〉蠢人，笨人", "adj.上下起落的; 摇摆不定的", "v.玩约约; 忽上忽下"]}, {"spell": "yo", "clearfix": ["int.唷（水手拉绳时一道发出的叫声）; 喂，嘿（年轻人的招呼语）"]}, {"spell": "yield", "clearfix": ["v.屈服，让步; 出产（作物），产生（收益、效益等）; 放弃; （受压）折断，活动", "n.产量，产出; 利润"]}, {"spell": "yet", "clearfix": ["adv.尚（未），还，仍; 更; 迄今为止", "conj. 但是，然而"]}, {"spell": "yocto", "clearfix": ["10的-24次方", "幺（科托）"]}, {"spell": "yod", "clearfix": ["n.希伯来文第十个字母"]}, {"spell": "yipes", "clearfix": "伊普斯"}, {"spell": "yodel", "clearfix": ["n.岳得尔歌（一种流行与瑞士和奥地利山民间的民歌）", "v.用真假嗓音陡然互换地唱"]}, {"spell": "yenning", "clearfix": "延宁"}, {"spell": "yenned", "clearfix": "是的"}, {"spell": "yodelling", "clearfix": ["v.用真假嗓音陡然互换地唱( yodel的现在分词 )"]}, {"spell": "Yodeling", "clearfix": ["约德尔唱法"]}, {"spell": "yogin", "clearfix": ["瑜珈修行者", "沉思默想者"]}, {"spell": "yoghourt", "clearfix": ["n.酸奶酪，酵母乳"]}, {"spell": "yogic", "clearfix": ["adj.瑜伽的"]}, {"spell": "yodels", "clearfix": ["v.用真假嗓音陡然互换地唱( yodel的第三人称单数 )"]}, {"spell": "yogini", "clearfix": ["n.瑜珈女修行者"]}, {"spell": "yokel", "clearfix": ["n.乡下佬，土包子"]}, {"spell": "yodle", "clearfix": ["v.反复用真假嗓音互换唱歌"]}, {"spell": "yodh", "clearfix": ["n.希伯来语的第十个字母"]}, {"spell": "yokelish", "clearfix": ["adj.乡下人的，乡土的"]}, {"spell": "yokemate", "clearfix": ["n.同事，伙伴，配偶"]}, {"spell": "yoicks", "clearfix": ["int.催赶猎犬的声音"]}, {"spell": "yokefellow", "clearfix": ["n.同事，伙伴，配偶"]}, {"spell": "yodelled", "clearfix": ["v.用真假嗓音陡然互换地唱( yodel的过去式和过去分词 )"]}, {"spell": "yoked", "clearfix": ["vt.结合（yoke的过去式形式）"]}, {"spell": "yogh", "clearfix": ["n.（中世纪英语中的）V字母（表示软腭音及腭音摩擦音）"]}, {"spell": "yogi", "clearfix": ["n.瑜珈修行者; 信奉瑜珈者; 沉思默想者; 神秘莫测的人"]}, {"spell": "yond", "clearfix": ["adj.彼处的，那边的"]}, {"spell": "yogurt", "clearfix": ["n.酸奶; 酸乳酪"]}, {"spell": "you said it", "clearfix": ["你算说对了；你说的对"]}, {"spell": "Yolande", "clearfix": ["n.约兰德（亦作Eolande,Yolanda）(f.)", "[女子名] 尤兰德 Yoland的法语变体"]}, {"spell": "Yosemite", "clearfix": ["(=National Park)（美国加利福尼亚州中部）约塞米蒂国家公园"]}, {"spell": "Young Adult", "clearfix": ["[电影]脱线女王; 半熟男女; 老小孩"]}, {"spell": "yore", "clearfix": ["n.<书>往昔，昔时"]}, {"spell": "yoo-hoo", "clearfix": ["int.为引起处的人注意时的叫声"]}, {"spell": "yolk sac", "clearfix": ["n.卵黄囊"]}, {"spell": "yonker", "clearfix": ["n.青年，少年"]}, {"spell": "yottabyte", "clearfix": ["尧字节，2的80次方字节"]}, {"spell": "Yor", "clearfix": ["n.(Yor)人名; (葡)约尔"]}, {"spell": "yoni", "clearfix": "尤尼"}, {"spell": "your honor", "clearfix": ["[法]法官阁下"]}, {"spell": "yodeller", "clearfix": "尤德勒"}, {"spell": "you-all", "clearfix": ["n.你们大家，你们"]}, {"spell": "you did right", "clearfix": "你做得对"}, {"spell": "youngberry", "clearfix": ["n.杨氏草莓（黑草莓的改良品种）"]}, {"spell": "yoghurt", "clearfix": ["n.酸乳酪，酸奶; 酸牛奶"]}, {"spell": "Young Turk", "clearfix": ["n.青年土耳其党党员，少壮派，激进分子"]}, {"spell": "younker", "clearfix": ["n.青年，少年"]}, {"spell": "You bet", "clearfix": ["<俗>当然，真的，的确"]}, {"spell": "youse", "clearfix": ["你们"]}, {"spell": "Yorktown", "clearfix": ["约克镇（美国弗吉尼亚州东南部城镇）"]}, {"spell": "younger brother", "clearfix": ["兄弟；弟；小弟；棣"]}, {"spell": "yoghurts", "clearfix": "酸奶"}, {"spell": "Your Highness", "clearfix": ["殿下; [电影]王子殿下"]}, {"spell": "yon", "clearfix": ["det.那；那个"]}, {"spell": "Youngstown", "clearfix": ["扬斯敦（美国俄亥俄州东北部城市）"]}, {"spell": "youngest", "clearfix": ["n.最小的儿子", "adj.年幼的( young的最高级 ); 有朝气的; 年轻人的; 青年的"]}, {"spell": "yogis", "clearfix": "瑜伽士"}, {"spell": "yom", "clearfix": ["n.（犹太）日子"]}, {"spell": "yoking", "clearfix": ["n.配轭，矿区的分界"]}, {"spell": "youngsters", "clearfix": ["n.孩子( youngster的名词复数 ); 少年; 青年; 年轻人"]}, {"spell": "you can say that again", "clearfix": ["说得好"]}, {"spell": "yoke", "clearfix": ["n.轭，架，座，偏转线圈; 奴役，羁绊，束缚，统治; （同一轭上牛的）一对牲口; 上衣抵肩", "vt.结合; 给…上轭; 结合，联结; 使成配偶"]}, {"spell": "young couple", "clearfix": ["小两口"]}, {"spell": "youngest child", "clearfix": ["最小的儿子"]}, {"spell": "yonder", "clearfix": ["det.那里的；那边的"]}, {"spell": "yesternoon", "clearfix": "仰光"}, {"spell": "young people", "clearfix": ["青年；年轻人；小子"]}, {"spell": "yorker", "clearfix": ["n.投出恰好落于球拍下面之球; 约克猪"]}, {"spell": "youngish", "clearfix": ["adj.颇年轻的，还年轻的"]}, {"spell": "yolk", "clearfix": ["n.蛋黄; 卵黄; 羊毛油脂; 胚乳"]}, {"spell": "yolk stalk", "clearfix": ["卵带，卵黄蒂，卵黄囊蒂"]}, {"spell": "youngling", "clearfix": ["n.年轻人", "adj.年轻的"]}, {"spell": "you name it", "clearfix": ["<口>凡你想得起的 不管什么（都有了或都干了等）"]}, {"spell": "yokes", "clearfix": ["n.轭( yoke的名词复数 ); 奴役; 轭形扁担; 上衣抵肩"]}, {"spell": "yolky", "clearfix": ["adj.蛋黄的，似蛋黄的"]}, {"spell": "young and old", "clearfix": ["无论老少; 黄童白叟"]}, {"spell": "you know", "clearfix": ["你懂的（网络热词，这句从英文you know翻译过来的，乍一听来让人不清不楚的话却成了网友们所有“心照不宣”的最佳表达，如果你知道他知道，就可以说上一句“你懂的”来表达你的所有要求和所有心情。）; （所说的话对方已知道或了解）你是知道的; （加强语气）你要知道！"]}, {"spell": "young lady", "clearfix": ["n.小姐; 女士; 女朋友; 未婚妻"]}, {"spell": "your lord", "clearfix": ["[法] 法官阁下"]}, {"spell": "your uncle", "clearfix": ["<谑>咱，我，老子"]}, {"spell": "yourselves", "clearfix": ["pron.你/您们自己（本人）"]}, {"spell": "you are welcome", "clearfix": ["[用于礼貌地回答别人的感谢]别客气，不用谢"]}, {"spell": "yodeler", "clearfix": "尤德尔"}, {"spell": "you never know", "clearfix": ["（非正式）很难说，不可预知"]}, {"spell": "younger sister", "clearfix": ["妹；妹子；娣；女弟"]}, {"spell": "yours", "clearfix": ["pron.你（们）的东西; 你的责任[义务]; 你的家属; 来信，尊函", "adj.你（们）的（东西）; 信末署名前用语"]}, {"spell": "Your Excellency", "clearfix": ["阁下（对大使、总督的尊称，不可作为普通敬语）; 麾下"]}, {"spell": "yours sincerely", "clearfix": ["谨上，敬上，谨启（用于以某人名字开头的正式信件的末尾）"]}, {"spell": "younger generation", "clearfix": ["年轻一代，青年一代; 下一代; 后辈; 小子"]}, {"spell": "Your Majesty", "clearfix": ["陛下（对于一国之君及此地位以上人物的尊称，如：皇后、皇帝）; 圣上"]}, {"spell": "young man", "clearfix": ["n.青年，男朋友，未婚夫; 小青年; 后生; 老弟"]}, {"spell": "youngster", "clearfix": ["n.年轻人; 少年; 儿童"]}, {"spell": "yoga", "clearfix": ["n.瑜伽（术）; 瑜伽派"]}, {"spell": "younger", "clearfix": ["n.年纪较小者", "adj.较年轻的; 年幼的( young的比较级 ); 有朝气的; 年轻人的; 青年的"]}, {"spell": "youth", "clearfix": ["n.青（少）年时期; 青春，朝气; 小伙子; （统称）年轻人"]}, {"spell": "youngers", "clearfix": "年轻人"}, {"spell": "yourself", "clearfix": ["pron.你/您/你们自己"]}, {"spell": "yonis", "clearfix": "尤尼斯"}, {"spell": "you owe me one", "clearfix": "你欠我一个人情"}, {"spell": "yold", "clearfix": "是的"}, {"spell": "youth league", "clearfix": ["青年联盟"]}, {"spell": "youth centre", "clearfix": ["青少年活动中心"]}, {"spell": "your", "clearfix": ["det.你的；您的；你们的; （泛指）大家的，人们的; （指有名或经常被谈论的人或事物）; （用于某些称呼，尤指王室成员）"]}, {"spell": "you can make it", "clearfix": "你能做到的"}, {"spell": "youth hostel", "clearfix": ["青年招待所青年（学生）宿舍"]}, {"spell": "young", "clearfix": ["adj.年幼的; 有朝气的; 年轻人的; 青年的", "n.年轻人; 幼小的动物，崽"]}, {"spell": "you", "clearfix": ["pron.你; 你们，您们; 各位; 大家"]}, {"spell": "youth worker", "clearfix": ["n.（尤指面向贫困青年的）青年工作者"]}, {"spell": "youthen", "clearfix": ["v.（使）变得年轻"]}, {"spell": "youthful", "clearfix": ["adj.（显得）年轻的，青春的"]}, {"spell": "youths", "clearfix": ["n.青春( youth的名词复数 ); 年轻人; 青年时期; 青年人"]}, {"spell": "yowl", "clearfix": ["vi.号叫，吼，恸哭"]}, {"spell": "yowled", "clearfix": ["v.号叫，吼，恸哭( yowl的过去式和过去分词 )"]}, {"spell": "youthfully", "clearfix": ["adv.年轻地，无经验地"]}, {"spell": "yow", "clearfix": ["int.痛苦、惊讶时所发出的叫声"]}, {"spell": "yowie", "clearfix": ["n.<澳>野人（指据信生活在澳大利亚东南部的一种多毛人形动物）"]}, {"spell": "youthfulness", "clearfix": ["n.青年，少壮; 青春"]}, {"spell": "yuba", "clearfix": ["n.歪叶桉树"]}, {"spell": "YOYO", "clearfix": ["n.溜溜球; （网络用语） You're On Your Own （你自己做主）"]}, {"spell": "yttria", "clearfix": ["n.氧化钇"]}, {"spell": "yperite", "clearfix": ["n.芥子气（毒气的一种）"]}, {"spell": "ytterbia", "clearfix": ["n.氧化镱"]}, {"spell": "yucky", "clearfix": ["adj.令人讨厌的，难以下咽的"]}, {"spell": "yummier", "clearfix": ["美味的", "愉快的（yummy 的比较级）"]}, {"spell": "yucca", "clearfix": ["n.丝兰"]}, {"spell": "yug", "clearfix": "尤格"}, {"spell": "yup", "clearfix": ["int.<美俚>是，是的（肯定答复）"]}, {"spell": "Yugoslavian", "clearfix": ["n.南斯拉夫人，南斯拉夫", "adj.南斯拉夫人的"]}, {"spell": "ytterbium", "clearfix": ["n.镱（元素符号Yb）"]}, {"spell": "yuan", "clearfix": ["n.元"]}, {"spell": "ys", "clearfix": ["abbr.yellow spot 黄斑"]}, {"spell": "Yugoslav", "clearfix": ["adj.南斯拉夫的，南斯拉夫人的", "n.南斯拉夫人"]}, {"spell": "yttric", "clearfix": ["adj.钇的，含钇的"]}, {"spell": "yummiest", "clearfix": "木乃伊"}, {"spell": "yowling", "clearfix": ["n.冰啸声（冰裂时发出的声音）", "v.号叫，吼，恸哭( yowl的现在分词 )"]}, {"spell": "yuck", "clearfix": ["（表示憎厌）讨厌，可恶"]}, {"spell": "yr", "clearfix": ["abbr.year 年; 年度; younger 年纪较小者; your 你的"]}, {"spell": "Yvonne", "clearfix": ["n.伊冯(f.)", "[女子名] 伊冯娜 Yvon的阴性"]}, {"spell": "yu", "clearfix": ["abbr.Yugoslavia 南斯拉夫"]}, {"spell": "Yquem", "clearfix": ["n.依奎姆（依坤）葡萄酒"]}, {"spell": "ytterbic", "clearfix": ["adj.含有镱的"]}, {"spell": "yummy", "clearfix": ["adj.很好吃的"]}, {"spell": "yttrium", "clearfix": ["n.钇（稀有金属元素，符号Y）"]}, {"spell": "yulan", "clearfix": ["n.玉兰（花）"]}, {"spell": "yurta", "clearfix": ["n.圆顶帐篷"]}, {"spell": "yuppie", "clearfix": ["n.（美）雅皮士（属于中上阶层的年轻专业人士）"]}, {"spell": "ywis", "clearfix": ["adv.<古>的确，真实地"]}, {"spell": "yukata", "clearfix": ["n.<日>浴衣（一种和服式的轻便衣）"]}, {"spell": "yowls", "clearfix": ["n.号叫，吼声( yowl的名词复数 )", "v.号叫，吼，恸哭( yowl的第三人称单数 )"]}, {"spell": "yum-yum", "clearfix": ["int.唔唔（用以表示满足，愉快之感叹词）"]}, {"spell": "yuk", "clearfix": ["n.<美俚>（因乐趣而发的）大笑，引起大笑的趣事", "vi.哈哈大笑[亦作 yuck, yock, yok, yak]"]}, {"spell": "Yunnan", "clearfix": ["n.云南（位于中国西南部）云南（中国西南部的一省）"]}, {"spell": "yum", "clearfix": ["int.极好的; 妙的; 美味的; 滋味好的"]}, {"spell": "yurt", "clearfix": ["n.（蒙古游牧民族居住的，用毛毡或兽皮搭起的）圆顶帐篷; 毡房"]}, {"spell": "yuans", "clearfix": "元"}, {"spell": "yowe", "clearfix": "是的"}, {"spell": "yuke", "clearfix": "尤克"}, {"spell": "yuga", "clearfix": "尤加"}]