[{"spell": "Z-axis", "clearfix": ["[计]（直角坐标系中）Z[纵向]轴"]}, {"spell": "ZE", "clearfix": ["[医][=zone electrophoresis]区带电泳，电泳带; （网络用语）“贼恶”的缩写，即真恶心，东北地区的方言发音。"]}, {"spell": "Zandra", "clearfix": ["[女子名] 赞德拉来源于希腊语，含义是“男人的帮手”(helper of men)"]}, {"spell": "Zachariah", "clearfix": ["[圣]撒迦利亚 （施洗者约翰之父； 耶稣称为殉道的人； 男子名）", "[男子名] 扎卡赖亚 Zachary的变体昵称Zach,Zack"]}, {"spell": "ZPG", "clearfix": ["abbr.Zero Population Growth 人口零增长"]}, {"spell": "ZAO", "clearfix": ["abbr.Cahors, France 法国，卡奥尔机场（代码）"]}, {"spell": "Zoa", "clearfix": ["[地名] [喀麦隆] 佐阿"]}, {"spell": "Zambia", "clearfix": ["n.（国名）赞比亚（位于非洲）"]}, {"spell": "Zarathustra", "clearfix": ["拜火教的创始人"]}, {"spell": "Zante", "clearfix": ["n.桑特岛"]}, {"spell": "Zaire", "clearfix": ["扎伊尔"]}, {"spell": "Zebedee", "clearfix": ["n.<基督教> 西庇太(<圣经·马太福音>中人物)"]}, {"spell": "Zelkova", "clearfix": ["n.榉属，光叶榉树"]}, {"spell": "Zea", "clearfix": ["n.齐娥(f.)"]}, {"spell": "zigbee", "clearfix": ["n.无线个域网（无线通信技术名称）"]}, {"spell": "Zilog", "clearfix": ["美国齐格洛公司，著名的Z80系列CPU的设计者"]}, {"spell": "Zeeb", "clearfix": ["abbr.Zeebrugge 泽布勒赫（比利时西北部港市）"]}, {"spell": "Zen", "clearfix": ["n.禅，禅宗"]}, {"spell": "Zamora", "clearfix": ["[人名] 扎莫拉; [地名] [阿根廷] 萨莫拉"]}, {"spell": "Zehner", "clearfix": ["[人名] 泽纳"]}, {"spell": "Zhuang", "clearfix": ["n.壮族; 壮语"]}, {"spell": "Zamboni", "clearfix": ["n.（用以磨平溜冰场等表面的）赞博尼磨冰机"]}, {"spell": "Zacharias", "clearfix": ["n.扎卡赖亚斯，撒迦利亚，殉道者撒迦利亚", "[男子名] 扎卡赖亚斯 Zachary的变体昵称Zach,Zack"]}, {"spell": "Zeno", "clearfix": ["齐诺( Zeno of Citium (5zinEu Ev 5siFiEm)西希昂的齐诺; 前340？-前265？; 希腊哲学家; 斯多葛派的创始人； Zeno of Elea 埃利亚的齐诺"]}, {"spell": "Z", "clearfix": ["n.英语字母表的第26个字母"]}, {"spell": "ZOG", "clearfix": ["abbr.zero-order grating 零阶光栅; Zionist Occupation Govemment 锡安山占领政府; zona glomerulosa-specific factor 血管小球带特异因子"]}, {"spell": "Zeigler", "clearfix": ["[人名] 齐格勒; [地名] [美国] 齐格勒"]}, {"spell": "zaleplon", "clearfix": ["[医]扎来普隆<催眠镇静药>"]}, {"spell": "Zingari", "clearfix": ["n.金加利人; 吉普赛人（Zingaro的复数形式）"]}, {"spell": "Zophar", "clearfix": ["[人名] 琐法（《圣经》中的人物）"]}, {"spell": "Z bend", "clearfix": ["Z形转弯"]}, {"spell": "Zephyrhills", "clearfix": ["[地名] [美国] 泽弗希尔斯"]}, {"spell": "Zingaro", "clearfix": ["<意>(=Gypsy)吉普赛人"]}, {"spell": "zhan", "clearfix": ["n.（汉）詹", "n.(Zhan)人名; (保)然"]}, {"spell": "Zug", "clearfix": ["[地名] [德国、瑞士] 楚格"]}, {"spell": "Zorilla", "clearfix": ["[医]非洲艾鼬"]}, {"spell": "Zahl", "clearfix": ["单位晶胞分子数"]}, {"spell": "Zia", "clearfix": ["[人名] 齐亚"]}, {"spell": "Zestril", "clearfix": ["[医]捷赐瑞（含lisinopril dihydrate）<抗高血压药>"]}, {"spell": "zebra stripes", "clearfix": ["便携式电脑"]}, {"spell": "Zenobia", "clearfix": ["季诺碧亚（女子名； 古代叙利亚 Palmya 的女王，在位期间为267-272）", "[女子名] 泽诺比娅来源于希腊语，含义是“希腊主神宙斯+生命”(the chief Greek god Zeus+life)"]}, {"spell": "zhi", "clearfix": ["只（汉语拼音）"]}, {"spell": "zet", "clearfix": ["abbr.zetetic(s) 调查的，考究的"]}, {"spell": "Zina", "clearfix": ["[地名] [喀麦隆] 济纳; [电影]幽草"]}, {"spell": "zil", "clearfix": ["abbr.zillion （美口）庞大的数字，无法计算的大数字（让人无法信任的数字）"]}, {"spell": "Zacco", "clearfix": "扎科"}, {"spell": "zuma", "clearfix": ["祖玛"]}, {"spell": "ZIF", "clearfix": ["abbr.zero insertion force (connector) 零[无]插拔力（连接器）; zero intermediate frequency technology 零中频技术; zero insertion force mating 零[无]插拔力配合; ZyCAD Intermediate Format 中间形式"]}, {"spell": "Zena", "clearfix": ["[女子名] 齐娜来源于波斯语，含义是u201c女人u201d(woman)"]}, {"spell": "Zoe", "clearfix": ["v.指控某人逃漏税", "[人名] 佐伊"]}, {"spell": "Zair", "clearfix": "扎伊尔"}, {"spell": "Zama", "clearfix": "扎玛"}, {"spell": "Zulus", "clearfix": ["n.祖鲁人（南非班图人的成员）( Zulu的名词复数 ); 祖鲁语"]}, {"spell": "Zola", "clearfix": ["左拉(1840-1902)，法国作家，小说家"]}, {"spell": "Zenia", "clearfix": ["[人名] 齐尼娅"]}, {"spell": "Zim", "clearfix": ["[人名] 齐姆"]}, {"spell": "Zaim", "clearfix": "扎伊姆"}, {"spell": "Zunian", "clearfix": ["n.（语言）苏尼语系"]}, {"spell": "Zulu", "clearfix": ["n.祖鲁人（非洲东南部班图族的一支）; 祖鲁语; [电影]祖鲁战争", "adj.祖鲁人的; 祖鲁语的"]}, {"spell": "Zaar", "clearfix": "扎尔"}, {"spell": "Zimmerman", "clearfix": ["齐默曼（姓氏）"]}, {"spell": "zinc", "clearfix": ["n.[化]锌"]}, {"spell": "Zeppelin", "clearfix": ["齐柏林硬式飞艇"]}, {"spell": "Zant", "clearfix": ["[人名] 赞特"]}, {"spell": "Zaman", "clearfix": "扎曼"}, {"spell": "Zunis", "clearfix": ["[地名] [伊朗] 祖尼斯（佐努兹的旧称）"]}, {"spell": "Zionism", "clearfix": ["n.犹太复国主义（运动）"]}, {"spell": "Zn", "clearfix": ["n.元素锌的符号"]}, {"spell": "Zou", "clearfix": ["[地名] [贝宁] 祖河"]}, {"spell": "Zovirax", "clearfix": ["[医]阿昔洛韦，无环鸟苷，开糖环鸟苷制剂的商品名"]}, {"spell": "Zuni", "clearfix": ["n.祖尼语，（居住在新墨西哥的普韦布洛印地安人的）祖尼人"]}, {"spell": "Zhou", "clearfix": ["<汉>周（朝）（公元前11世纪？-公元前256年旧译Chou）"]}, {"spell": "Zep", "clearfix": ["n.（常作Z-）（空）策帕林飞艇，齐柏林飞艇（一种硬式飞艇）"]}, {"spell": "Zion", "clearfix": ["n.原意：耶路撒冷的一个迦南要塞; 后指锡安山、耶路撒冷、以色列的土地; 犹太人; 天国"]}, {"spell": "Zhuo", "clearfix": ["n.卓（中文姓氏）"]}, {"spell": "Zaleski", "clearfix": ["[人名] 扎列斯基; [地名] [美国] 扎莱斯基"]}, {"spell": "Zuse", "clearfix": "祖塞"}, {"spell": "Zell", "clearfix": ["[人名] [英格兰人姓氏] 泽尔 Sell的变体; [地名] [奥地利、德国、美国、瑞士] 采尔"]}, {"spell": "Zechariah", "clearfix": ["[人名] 泽卡赖亚"]}, {"spell": "Zur", "clearfix": ["abbr.Zurich 苏黎世; Zurigo (Italian=Zurich) （意大利语）苏黎世; Zurab 祖拉勃（男子名）; Zurr 祖尔（姓氏）"]}, {"spell": "Zanoni", "clearfix": ["[人名] 扎诺尼"]}, {"spell": "Zelotes", "clearfix": "泽洛茨"}, {"spell": "Zebulun", "clearfix": ["[男子名] 泽布伦 Zebulon的变体"]}, {"spell": "zygotes", "clearfix": ["n.<生物>合子，受精卵( zygote的名词复数 )"]}, {"spell": "Zwinglian", "clearfix": ["adj.（瑞士宗教改革家）茨温利的，茨温利教义的"]}, {"spell": "Zoroastrianism", "clearfix": ["n.索罗亚斯德教; 拜火教; 袄教"]}, {"spell": "Zingara", "clearfix": ["<意>吉普赛女人"]}, {"spell": "Zoomastigina", "clearfix": ["动鞭纲"]}, {"spell": "Zig Zag", "clearfix": ["[电影]一波三折"]}, {"spell": "Zimbabwe", "clearfix": ["津巴布韦"]}, {"spell": "Zerda", "clearfix": "1。"}, {"spell": "Zoide", "clearfix": "石膏"}, {"spell": "zacaton", "clearfix": ["n.萨卡通草（美国西南部和墨西哥产，可制刷子，条帚，纸张等）"]}, {"spell": "Zyloprim", "clearfix": ["[医]别嘌醇(allopurinol)制剂的商品名"]}, {"spell": "za", "clearfix": ["abbr.South Africa 南非"]}, {"spell": "zaftig", "clearfix": ["adj.身体丰满的"]}, {"spell": "zabaglione", "clearfix": ["n.意大利菜肴"]}, {"spell": "Zachary", "clearfix": ["圣扎迦利（即Zacharias,Saint）"]}, {"spell": "Zach", "clearfix": ["n.扎克(Zachary,Zachariah的昵称亦作Zack,Zak)(m.)", "[男子名] 扎克 Zacharias,Zachary,Zechariah等的昵称"]}, {"spell": "zack", "clearfix": ["n.六便士之硬币"]}, {"spell": "zag", "clearfix": ["n.&v.急转，急变; 急弯; 锯齿形转角"]}, {"spell": "zaffer", "clearfix": ["n.含氧化钴的混合物，花绀青; 钴焙砂"]}, {"spell": "zaddik", "clearfix": ["n.以犹太教标准来衡量认为正直而有道德的人"]}, {"spell": "zaffre", "clearfix": ["n.含氧化钴的混合物; 钴焙砂"]}, {"spell": "Zacher", "clearfix": "扎赫尔"}, {"spell": "Zeins", "clearfix": "泽因斯"}, {"spell": "Zelda Teplitz", "clearfix": "塞尔达·特普利茨"}, {"spell": "Zagros", "clearfix": ["n.扎格罗斯（伊朗西南部）"]}, {"spell": "zagged", "clearfix": ["v.急转，急变( zag的过去式和过去分词 )"]}, {"spell": "zags", "clearfix": ["v.急转，急变( zag的第三人称单数 )"]}, {"spell": "zamia", "clearfix": ["n.泽米属植物"]}, {"spell": "Zonaria", "clearfix": "Onaria"}, {"spell": "Zubr", "clearfix": "UBR"}, {"spell": "zaguan", "clearfix": ["n.门廊"]}, {"spell": "zamindar", "clearfix": ["n.印度地主"]}, {"spell": "zaibatsu", "clearfix": ["n.财阀"]}, {"spell": "Zuo", "clearfix": "左。"}, {"spell": "zany", "clearfix": ["adj.滑稽的;  笨的; 可笑的;  荒唐的"]}, {"spell": "zanier", "clearfix": ["adj.滑稽的( zany的比较级 ); 笨的; 可笑的; 荒唐的"]}, {"spell": "Zayat", "clearfix": "扎亚特"}, {"spell": "Zazzy", "clearfix": ["adj.（美俚语）取“zany”（滑稽的，可笑的）、“pizazz”（潇洒）和“snazzy”（漂亮的，时髦的）3个词而成的一个形容词; 其用以形容某事物好得难以用一个词来描述。美剧<生活大爆炸>中; 谢尔顿(Sheldon)在形容他的猫时用了“Zazzy”一词。; 有光泽或华丽的事物。"]}, {"spell": "zagging", "clearfix": ["v.急转，急变( zag的现在分词 )"]}, {"spell": "zambo", "clearfix": ["n.拉丁美州的印第安人与黑人之混血种"]}, {"spell": "Zambian", "clearfix": ["n.赞比亚人", "adj.赞比亚（人）的"]}, {"spell": "Zambezi", "clearfix": ["赞比西河（非洲南部）"]}, {"spell": "zaniest", "clearfix": ["adj.滑稽的( zany的最高级 ); 笨的; 可笑的; 荒唐的"]}, {"spell": "zanamivir", "clearfix": ["[医]扎那米韦"]}, {"spell": "Zane", "clearfix": ["n.赞恩(John的异体)(m.)"]}, {"spell": "zamindari", "clearfix": ["n.（印度）地主拥有的土地管辖制"]}, {"spell": "Zapata", "clearfix": ["n.（用作定语）萨帕塔小胡子"]}, {"spell": "zapping", "clearfix": ["n.（观看电视节目时以转换频道方式）跳过广告节目", "v.杀死某人( zap的现在分词 ); 将某人打昏，攻击某人; （沿某方向）突然或迅速移动"]}, {"spell": "zebrule", "clearfix": ["n.雄斑马与雌马所生的杂种"]}, {"spell": "zakat", "clearfix": ["n.天课，扎卡特（伊斯兰教徒每年一次的慈善捐款）"]}, {"spell": "zander", "clearfix": ["n.梭鲈"]}, {"spell": "zamarra", "clearfix": ["n.（西班牙牧羊人穿的）羊皮外套"]}, {"spell": "Zee", "clearfix": ["abbr.Zeeland (Dutch province) （荷兰的）泽兰省; Zeeland (Dutch=Sea Land) （丹麦语）海陆公司; Zellerbach 泽勒巴克（公司名，人名）"]}, {"spell": "zanza", "clearfix": ["n.（非洲土人用）一种敲击木琴"]}, {"spell": "Zairean", "clearfix": ["n.扎伊尔人", "adj.扎伊尔（人）的"]}, {"spell": "zanily", "clearfix": ["adv.愚蠢可笑地，发神经似地"]}, {"spell": "zang", "clearfix": ["n.<俗>气力特种颜色"]}, {"spell": "zazen", "clearfix": ["n.禅宗之打坐"]}, {"spell": "zareeba", "clearfix": ["n.（非洲苏丹等地的）防御栅，（围有防御栅的）野营或村舍"]}, {"spell": "zaratite", "clearfix": ["n.翠镍矿"]}, {"spell": "zax", "clearfix": ["n.石斧"]}, {"spell": "zaptiah", "clearfix": ["n.土耳其警察"]}, {"spell": "zealousness", "clearfix": ["n.热心，热忱"]}, {"spell": "Zebulon", "clearfix": ["n.(=Zebulun)泽伦（族）（以色列十二个部族之一）"]}, {"spell": "zarf", "clearfix": ["n.（中东国家用的）金属杯状的托"]}, {"spell": "Zostera", "clearfix": "佐斯特拉山"}, {"spell": "zebrine", "clearfix": ["adj.像斑马的，斑马的"]}, {"spell": "zebec", "clearfix": ["n.（地中海的）小型三桅船"]}, {"spell": "zaniness", "clearfix": ["n.愚蠢，疯狂"]}, {"spell": "zebra crossing", "clearfix": ["n.斑马线"]}, {"spell": "Zagreb", "clearfix": ["萨格勒布（南斯拉夫西北部城市）"]}, {"spell": "zanders", "clearfix": "赞德斯"}, {"spell": "zareba", "clearfix": ["n.有刺的围栅"]}, {"spell": "zapateado", "clearfix": ["n.萨帕台阿多舞（西班牙舞蹈的一种），跺脚舞，踢踏舞"]}, {"spell": "zapped", "clearfix": ["v.杀死某人( zap的过去式和过去分词 ); 将某人打昏，攻击某人; （沿某方向）突然或迅速移动"]}, {"spell": "Zanzibar", "clearfix": ["n.桑给巴尔岛（坦桑尼亚东北部）桑给巴尔（非洲坦桑尼亚的一部分）"]}, {"spell": "zarzuela", "clearfix": ["n.<西>说唱剧（有对话和音乐的西班牙传统小歌剧） 人工养殖海味场"]}, {"spell": "zaps", "clearfix": ["v.杀死某人( zap的第三人称单数 ); 将某人打昏，攻击某人; （沿某方向）突然或迅速移动"]}, {"spell": "zebeck", "clearfix": ["n.（地中海的）小型三桅船"]}, {"spell": "zebrass", "clearfix": ["n.雄斑马和雌驴交配成的杂种; 斑驴"]}, {"spell": "zebraic", "clearfix": ["adj.斑马的，斑马特有的"]}, {"spell": "zanyish", "clearfix": "赞尼什"}, {"spell": "zealotry", "clearfix": ["n.狂热行为"]}, {"spell": "zastruga", "clearfix": ["n.雪面波纹，风蚀雪沟; 雪波"]}, {"spell": "zebu", "clearfix": ["n.瘤牛"]}, {"spell": "zastrugi", "clearfix": ["风蚀雪沟"]}, {"spell": "Zeiss", "clearfix": ["蔡斯厂"]}, {"spell": "zapateo", "clearfix": ["n.萨帕台阿多舞（西班牙舞蹈的一种），跺脚舞，踢踏舞"]}, {"spell": "zariba", "clearfix": ["n.有刺的围栅"]}, {"spell": "zayin", "clearfix": ["n.希伯来文第七个字母"]}, {"spell": "zeaxanthin", "clearfix": ["n.玉米黄质"]}, {"spell": "zeidae", "clearfix": "赛赛德斯"}, {"spell": "Zealand", "clearfix": ["n.西兰岛（丹麦最大的岛）"]}, {"spell": "zechin", "clearfix": ["n.古代金币，小金属片"]}, {"spell": "zapper", "clearfix": ["n.电子灭虫器; （电视机的）遥控器"]}, {"spell": "zealot", "clearfix": ["n.热心者，狂热者"]}, {"spell": "zeism", "clearfix": ["n.玉米中毒，玉米红斑"]}, {"spell": "zed", "clearfix": ["n.Z字母"]}, {"spell": "Zaragoza", "clearfix": ["<西>=Saragossa"]}, {"spell": "zebrawood", "clearfix": ["n.（圭亚那产的）斑木树或任何类似斑木树的植物，斑木树的木材"]}, {"spell": "zebra fish", "clearfix": ["n.斑马鱼"]}, {"spell": "zecchino", "clearfix": ["n.（意大利和土耳其的）古金币"]}, {"spell": "zanthoxylum", "clearfix": ["n.花椒属植物"]}, {"spell": "zap", "clearfix": ["vt.攻击; 杀死，摧毁; 遥控", "vi.迅速移动"]}, {"spell": "zain", "clearfix": ["n.（无斑点的）纯暗色马"]}, {"spell": "Zara", "clearfix": ["扎拉（南斯拉夫西部港市扎达尔）; 西班牙Inditex集团旗下的一个子公司，它既是服装品牌，也是专营ZARA品牌服装的连锁零售品牌"]}, {"spell": "zeatin", "clearfix": ["n.玉米素"]}, {"spell": "zedoary", "clearfix": ["n.莪木，片姜黄"]}, {"spell": "zealously", "clearfix": ["adv.热心地; 热情地; 积极地; 狂热地"]}, {"spell": "zeal", "clearfix": ["n.热情，激情"]}, {"spell": "Zein", "clearfix": ["[人名] 蔡恩"]}, {"spell": "zebroid", "clearfix": ["adj.像斑马的，斑马的", "n.斑马状动物"]}, {"spell": "zebra", "clearfix": ["n.斑马"]}, {"spell": "zealots", "clearfix": ["n.热心者，狂热者( zealot的名词复数 )"]}, {"spell": "zecchini", "clearfix": ["n.（意大利和土尔其的）古金币"]}, {"spell": "zebras", "clearfix": ["n.斑马( zebra的名词复数 )"]}, {"spell": "zealous", "clearfix": ["adj.热情的; 狂热的"]}, {"spell": "zeitgeber", "clearfix": ["给时者"]}, {"spell": "zenana", "clearfix": ["n.闺房"]}, {"spell": "zemstvo", "clearfix": ["n.地方自治组织，郡县议会"]}, {"spell": "Zelda", "clearfix": ["n.[人名]塞尔达(Griselda的昵称)"]}, {"spell": "zemindar", "clearfix": ["n.地主，收田赋者"]}, {"spell": "zendo", "clearfix": ["n.禅宗之沉思室，默念室"]}, {"spell": "Zend", "clearfix": ["n.（波斯琐罗亚斯德教圣书）阿维斯陀经注解; 古波斯语; Zend是PHP公司; 成立于1999年"]}, {"spell": "zemstvos", "clearfix": "地面作用；地面作用"}, {"spell": "zeolites", "clearfix": ["沸石类"]}, {"spell": "zeolite", "clearfix": ["n.沸石，与沸石类似的天然的或人工的硅酸盐"]}, {"spell": "zeolitic", "clearfix": ["adj.沸石的"]}, {"spell": "zephyrus", "clearfix": ["n.西风的拟人格（希腊人认为西风是森林诸神中最温柔者）"]}, {"spell": "zenithal", "clearfix": ["adj.天顶的，绝顶的"]}, {"spell": "zener", "clearfix": ["[计]齐纳"]}, {"spell": "zero inventory", "clearfix": ["零库存"]}, {"spell": "zero in on", "clearfix": ["（使）瞄准…，（使）对准…，对…集中火力[注意力]"]}, {"spell": "zested", "clearfix": ["v.滋味( zest的过去分词 ); 风味; 香味; 热情nighty-night"]}, {"spell": "zephyr", "clearfix": ["n.<文>和风，微风"]}, {"spell": "zero hour", "clearfix": ["n.零时，发动进攻的时刻，关键时刻"]}, {"spell": "zero access", "clearfix": ["高速存取"]}, {"spell": "zero defect", "clearfix": ["无缺陷"]}, {"spell": "zero-sum game", "clearfix": ["零和游戏，零和竞赛，零和对策; 零和比赛; 零和博奕"]}, {"spell": "zequin", "clearfix": ["n.零"]}, {"spell": "zeroes", "clearfix": ["n.（数字）零( zero的名词复数 ); 零点; 零度; 没有"]}, {"spell": "zero fill", "clearfix": ["补零，填零"]}, {"spell": "zestful", "clearfix": ["adj.有滋味"]}, {"spell": "zero emission", "clearfix": ["零排放"]}, {"spell": "zinc oxide impression paste", "clearfix": ["[医]氧化锌印模糊剂"]}, {"spell": "zigzag line", "clearfix": ["曲折线，锯齿形曲线，之字形线"]}, {"spell": "zincic", "clearfix": ["adj.锌的"]}, {"spell": "zests", "clearfix": ["n.滋味( zest的名词复数 ); 风味; 香味; 热情nighty-night"]}, {"spell": "zero-sum", "clearfix": ["adj.零和的"]}, {"spell": "zetetic", "clearfix": ["adj.调查的，考究的"]}, {"spell": "Ziegler", "clearfix": ["[人名] 齐格勒"]}, {"spell": "Zilpah", "clearfix": ["n.<基督教>悉帕(<圣经·旧约>故事人物)"]}, {"spell": "zho", "clearfix": ["n.犏牛（普通牛和牦牛的杂交种）"]}, {"spell": "zillionaire", "clearfix": ["n.亿万富翁，财富多得不可计算的人"]}, {"spell": "zeroize", "clearfix": ["v.拨回零点; 填零; 补零"]}, {"spell": "zeroed", "clearfix": ["[医]调了零点的"]}, {"spell": "zesty", "clearfix": ["adj.引起极大的快乐或兴奋的，有兴趣的"]}, {"spell": "zero input", "clearfix": ["零输入"]}, {"spell": "zerog", "clearfix": "零零零零"}, {"spell": "zeroing", "clearfix": ["n.零位调整，定零点"]}, {"spell": "zikurat", "clearfix": ["n.古代亚述及巴比伦之金字形神塔（顶上有神殿）"]}, {"spell": "Zidovudine", "clearfix": ["叠氮脱氧胸苷"]}, {"spell": "zero level", "clearfix": ["零标高，零水位"]}, {"spell": "zesting", "clearfix": ["v.滋味( zest的现在分词 ); 风味; 香味; 热情nighty-night"]}, {"spell": "zikkurat", "clearfix": ["n.古代亚述及巴比伦之金字形神塔（顶上有神殿）; 观象塔"]}, {"spell": "zilla", "clearfix": "紫苏"}, {"spell": "zeyherine", "clearfix": ["刺桐碱"]}, {"spell": "Zeus", "clearfix": ["n.<希神>宙斯（希腊神话中的主神）"]}, {"spell": "ziff", "clearfix": ["n.<澳口>（颏上的）胡须，络腮胡子"]}, {"spell": "ziggurat", "clearfix": ["n.古代亚述及巴比伦之金字形神塔（顶上有神殿）; 庙塔"]}, {"spell": "zero-zero", "clearfix": ["adj.能见度为零的"]}, {"spell": "zillion", "clearfix": ["n.<美口>庞大的数字，无法计算的大数字"]}, {"spell": "zestfulness", "clearfix": ["adj.有辛辣味的;  有风趣的;  有风味的;  有滋味的"]}, {"spell": "zero tolerance", "clearfix": ["n.零容忍; [医]不容许残留"]}, {"spell": "zeroth", "clearfix": ["adj.零的"]}, {"spell": "Zimmer", "clearfix": ["n.[人名] 齐默"]}, {"spell": "zero gravity", "clearfix": ["n.飞行时之失重状态"]}, {"spell": "zecchinos", "clearfix": "泽奇诺斯"}, {"spell": "Zettabyte", "clearfix": ["泽字节"]}, {"spell": "zestfully", "clearfix": ["adv.有辛辣味的;  有风趣的;  有风味的;  有滋味的"]}, {"spell": "zibeth", "clearfix": ["n.（大）灵猫； 灵猫香; 大灵猫"]}, {"spell": "zero in", "clearfix": ["瞄准具校正"]}, {"spell": "zigzaggery", "clearfix": ["n.曲折的方法，之字形的方式"]}, {"spell": "zeugma", "clearfix": ["n.轭式修饰法"]}, {"spell": "Zhejiang", "clearfix": ["浙江（位于中国东部沿海）"]}, {"spell": "zimbabwean", "clearfix": ["n.津巴布韦人"]}, {"spell": "zebra -crossing", "clearfix": "斑马线"}, {"spell": "zinc white", "clearfix": ["n.锌白"]}, {"spell": "ZiN", "clearfix": ["abbr.zinc finger N-terminal 锌指氮基端"]}, {"spell": "zilch", "clearfix": ["n.微不足道的事物（或人）; 小人物; 无; 零"]}, {"spell": "Zimb", "clearfix": ["abbr.Zimbabwe 津巴布韦; Zimbalon (German=cimbalom or dulcimer) （德语）钦巴龙（在匈牙利演奏吉卜赛乐曲的一种扬琴或洋琴）"]}, {"spell": "zero-in", "clearfix": ["归零校正"]}, {"spell": "zedoaries", "clearfix": "莪们"}, {"spell": "zi", "clearfix": ["abbr.zero input 零输入，无输入; zonal index 纬向指数"]}, {"spell": "zinc oxide", "clearfix": ["n.氧化锌"]}, {"spell": "zigzag", "clearfix": ["n.之字形; 锯齿形线条", "v.曲折前进", "adj.弯弯曲曲的"]}, {"spell": "zibet", "clearfix": ["n.大灵猫"]}, {"spell": "zig", "clearfix": ["n.之字形", "v.转弯"]}, {"spell": "Zephaniah", "clearfix": ["n.旧约西番雅书(<<索福尼亚>>)"]}, {"spell": "zibeline", "clearfix": ["n.紫貂皮，一种面上带有短毛之柔软毛织物", "adj.紫貂的"]}, {"spell": "zigzags", "clearfix": ["n.锯齿形的线条、小径等( zigzag的名词复数 )", "v.弯弯曲曲地走路，曲折地前进( zigzag的第三人称单数 )"]}, {"spell": "zinced", "clearfix": ["v.<化>锌( zinc的过去式和过去分词 )"]}, {"spell": "Zincate", "clearfix": ["硫酸锌制剂"]}, {"spell": "zigzagged", "clearfix": ["adj.呈之字形移动的", "v.弯弯曲曲地走路，曲折地前进( zigzag的过去式和过去分词 )"]}, {"spell": "zeta", "clearfix": ["n.希腊字母第6字，小室"]}, {"spell": "zinc sulfate", "clearfix": ["n.硫酸锌"]}, {"spell": "zenith", "clearfix": ["n.顶点， 极点"]}, {"spell": "Zillah", "clearfix": ["[女子名] 齐拉来源于希伯来语，含义是u201c荫u201d(shade); [地名] [利比亚] 济莱; [地名] [美国] 齐拉"]}, {"spell": "zinc", "clearfix": ["n.[化]锌"]}, {"spell": "Zhengzhou", "clearfix": ["郑州"]}, {"spell": "zigzagging", "clearfix": ["v.弯弯曲曲地走路，曲折地前进( zigzag的现在分词 ); 盘陀"]}, {"spell": "zigzag motion", "clearfix": "锯齿形运动"}, {"spell": "zenker", "clearfix": "传教士"}, {"spell": "zero", "clearfix": ["n.零; 零度/点", "v.将…调到零", "adj.毫无，没有"]}, {"spell": "zest", "clearfix": ["n.兴趣，热情; 风味，滋味; 风趣; 热功率热核反应装置"]}, {"spell": "zinciferous", "clearfix": ["adj.含锌的"]}, {"spell": "zincify", "clearfix": ["v.镀以锌，包以锌，在…中加锌"]}, {"spell": "zepto", "clearfix": "泽普托"}, {"spell": "zigged", "clearfix": "曲折的"}, {"spell": "zinco", "clearfix": ["n.锌版"]}, {"spell": "zine", "clearfix": ["n.<美口>爱好者杂志（尤指科学幻想小说迷出版的或为他们出版的杂志）"]}, {"spell": "zincite", "clearfix": ["n.红锌矿"]}, {"spell": "zing", "clearfix": ["vt.& vi.<非正> （使）呼啸疾行; 轻快，活泼", "vt.攻击", "n.活力; <非正> 兴趣; <俚><拟声语>尖啸声; 精神"]}, {"spell": "zinger", "clearfix": ["n.有力地驳斥;  击中要害的话; 意想不到的事;  令人震惊的事"]}, {"spell": "zings", "clearfix": ["v.<非正> （使）呼啸疾行( zing的第三人称单数 ); 轻快，活泼; 攻击"]}, {"spell": "zinged", "clearfix": ["v.<非正> （使）呼啸疾行( zing的过去式和过去分词 ); 轻快，活泼; 攻击"]}, {"spell": "zingy", "clearfix": ["adj.愉快而激动的，非常漂亮的，极吸引人的"]}, {"spell": "zinfandel", "clearfix": ["n.馨芳葡萄酒"]}, {"spell": "zincography", "clearfix": ["n.锌版术，刻锌版"]}, {"spell": "zingiber", "clearfix": ["n.姜"]}, {"spell": "Zink", "clearfix": ["[人名] 津克"]}, {"spell": "zincing", "clearfix": ["v.<化>锌( zinc的现在分词 )"]}, {"spell": "zincode", "clearfix": ["n.电池的阳极"]}, {"spell": "zincoid", "clearfix": ["adj.锌的，似锌的"]}, {"spell": "zincous", "clearfix": ["adj.锌的，含锌的，阳极的"]}, {"spell": "zinging", "clearfix": ["v.<非正> （使）呼啸疾行( zing的现在分词 ); 轻快，活泼; 攻击"]}, {"spell": "zincs", "clearfix": ["n.<化>锌( zinc的名词复数 )", "v.<化>锌( zinc的第三人称单数 )"]}, {"spell": "zinnia", "clearfix": ["n.百日草属植物，鱼尾菊"]}, {"spell": "zippered bag", "clearfix": ["拉链袋"]}, {"spell": "zipcode", "clearfix": ["n.邮政编码"]}, {"spell": "zocle", "clearfix": ["n.座石，柱脚"]}, {"spell": "ziti", "clearfix": ["n.意大利通心面（包括通心粉等）"]}, {"spell": "zincked", "clearfix": "锌"}, {"spell": "zipped", "clearfix": ["v.用拉链拉上或扣上( zip的过去式和过去分词 ); （使沿某方向）快速移动"]}, {"spell": "ziram", "clearfix": ["n.福美锌（用作橡胶促进剂及农业杀菌剂）; 什来特"]}, {"spell": "Zionist", "clearfix": ["n.犹太复国运动的支持者或拥护者"]}, {"spell": "ziprasidone", "clearfix": ["[医]齐拉西酮<抗精神病药>"]}, {"spell": "zoea", "clearfix": ["n.海蟹幼虫"]}, {"spell": "zinkify", "clearfix": ["n.包锌，镀锌"]}, {"spell": "Zippo", "clearfix": ["n.芝宝牌打火机（产自美国，具有一定的收藏价值）"]}, {"spell": "zonally", "clearfix": ["adv.地带地，区域地"]}, {"spell": "zithern", "clearfix": ["n.齐特拉琴"]}, {"spell": "Zoetrope", "clearfix": ["活动画片玩具"]}, {"spell": "zonated", "clearfix": ["adj.有带的; 有带痕的; 有条纹的; 分区的； 有环纹的"]}, {"spell": "zodiacal", "clearfix": ["adj.黄道带的，黄道带内的"]}, {"spell": "zetta", "clearfix": "她"}, {"spell": "zippers", "clearfix": ["n.<美>拉链( zipper的名词复数 ); 用拉链的人，装拉链的包"]}, {"spell": "zither", "clearfix": ["n.筝，齐特琴，扁琴"]}, {"spell": "zoisite", "clearfix": ["n.黝帘石"]}, {"spell": "zoarium", "clearfix": ["n.苔藓虫硬体合体"]}, {"spell": "Zoan", "clearfix": ["n.Tanis的圣经名"]}, {"spell": "zoeae", "clearfix": ["n.海蟹幼虫( zoea的名词复数 )"]}, {"spell": "zm", "clearfix": ["abbr.Zambia 赞比亚"]}, {"spell": "zirconia", "clearfix": ["n.氧化锆"]}, {"spell": "zloty", "clearfix": ["n.兹罗提（波兰的货币单位）"]}, {"spell": "zirconium", "clearfix": ["n.锆"]}, {"spell": "zincky", "clearfix": ["adj.含锌的，似锌的"]}, {"spell": "zombi", "clearfix": ["n.巫毒崇拜，蛇神，生性怪癖的人"]}, {"spell": "Zohar", "clearfix": ["n.<光明篇>（犹太神秘主义对摩西五书的注疏）"]}, {"spell": "zoaea", "clearfix": ["n.海蟹幼虫"]}, {"spell": "zippy", "clearfix": ["adj.<非正>能迅速移动的"]}, {"spell": "zoanthropy", "clearfix": ["n.变兽妄想"]}, {"spell": "zippered", "clearfix": ["v.拉上拉链( zipper的过去式和过去分词 ); 用拉链扣上"]}, {"spell": "zokor", "clearfix": ["鼢鼠"]}, {"spell": "zoftig", "clearfix": ["adj.丰满的，性感的"]}, {"spell": "zonae", "clearfix": ["[医]（单zona）带，区"]}, {"spell": "zippiest", "clearfix": "最可爱的"}, {"spell": "zip-open package", "clearfix": ["[医]撕开式包装"]}, {"spell": "zonate", "clearfix": ["adj.有环层带的，有带状斑纹的"]}, {"spell": "zombiism", "clearfix": ["n.（伏都教的） 蛇神崇拜"]}, {"spell": "zircon", "clearfix": ["n.锆石"]}, {"spell": "zit", "clearfix": ["n.<美>丘疹"]}, {"spell": "zizith", "clearfix": ["n.（正统犹太人的外衣四周的）披肩流苏"]}, {"spell": "zipperhead", "clearfix": "拉链头"}, {"spell": "zipping", "clearfix": ["v.用拉链拉上或扣上( zip的现在分词 ); （使沿某方向）快速移动"]}, {"spell": "zonation", "clearfix": ["n.带状配列，动植物的生物，地理学的地带分布"]}, {"spell": "Zoar", "clearfix": ["n.避难所（见旧约创世记）"]}, {"spell": "zincy", "clearfix": ["adj.似锌的，含锌的"]}, {"spell": "zonda", "clearfix": ["n.佐达风（指自安第斯山脉吹越阿根廷草原的干热多尘北风）"]}, {"spell": "zodiac", "clearfix": ["n.黄道带; 黄道十二宫图; <罕>一圈"]}, {"spell": "zippering", "clearfix": ["v.拉上拉链( zipper的现在分词 ); 用拉链扣上"]}, {"spell": "zonary", "clearfix": ["adj.像带子的，带状的"]}, {"spell": "zolpidem", "clearfix": ["唑吡旦"]}, {"spell": "zonal", "clearfix": ["adj.带状的; 纬向"]}, {"spell": "zombie", "clearfix": ["n.（某些非洲和加勒比地区的宗教及恐怖故事中）靠巫术起死回生的僵尸; 无生气的人，麻木迟钝的人"]}, {"spell": "zirconic", "clearfix": ["adj.锆的，含锆的"]}, {"spell": "zingier", "clearfix": "辛吉尔"}, {"spell": "zobo", "clearfix": ["abbr.cow+yak 母牛+牦牛（代号）"]}, {"spell": "zoccolo", "clearfix": ["n.座石，柱脚"]}, {"spell": "zlotys", "clearfix": ["n.兹罗提（波兰的货币单位）( zloty的名词复数 )"]}, {"spell": "zombies", "clearfix": ["n.（某些非洲和加勒比地区的宗教及恐怖故事中）靠巫术起死回生的僵尸( zombie的名词复数 ); 无生气的人，麻木迟钝的人"]}, {"spell": "Zinky", "clearfix": ["[人名] 津基"]}, {"spell": "zo", "clearfix": ["[医][=copper zeolite fungicide]铜沸石杀真菌剂"]}, {"spell": "zingiest", "clearfix": "最迷人的"}, {"spell": "zoic", "clearfix": ["adj.动物的; 有生物的; 动物生活的; 含化石的"]}, {"spell": "zipper", "clearfix": ["n.拉锁; 拉链"]}, {"spell": "zip", "clearfix": ["n.拉链; 精力，活力; 尖啸声; 一种程序压缩格式", "vt.给予…速度; 用拉链拉上或扣上", "vt.& vi.尖啸而过; （使沿某方向）快速移动"]}, {"spell": "zona", "clearfix": ["n.带状疮疹"]}, {"spell": "zirconate", "clearfix": ["n.锆酸盐"]}, {"spell": "zip up", "clearfix": ["增添滋味，增加兴趣或生命力"]}, {"spell": "zip code", "clearfix": ["n.邮递区号"]}, {"spell": "Zomba", "clearfix": ["松巴（马拉维东南部城市）"]}, {"spell": "zips", "clearfix": ["n.拉链( zip的名词复数 ); 能量; 速度; 零", "v.用拉链拉上或扣上( zip的第三人称单数 ); （使沿某方向）快速移动"]}, {"spell": "zilches", "clearfix": "拉链"}, {"spell": "zone defense", "clearfix": ["n.区域防守"]}, {"spell": "zone", "clearfix": ["n.地区，区域; 气候带", "v.将…划作特殊区域"]}, {"spell": "zone out", "clearfix": ["（美，非正式）入睡，走神，失去意识"]}, {"spell": "zippier", "clearfix": "拉链"}, {"spell": "zone location", "clearfix": ["区域定位"]}, {"spell": "Zill", "clearfix": ["[人名] 齐尔"]}, {"spell": "zoner", "clearfix": ["n.区域提纯器"]}, {"spell": "zoo-keeper", "clearfix": ["n.动物园管理员"]}, {"spell": "zonula", "clearfix": ["[医] 小带"]}, {"spell": "zoned", "clearfix": ["adj.划成区域的，束带的", "v.（飞机、汽车等）急速移动( zoom的现在分词 ); （价格、费用等）急升，猛涨"]}, {"spell": "zonular", "clearfix": ["adj.小带的，小带状的"]}, {"spell": "zonk", "clearfix": ["vt.& vi.（使）筋疲力尽， （使）疲惫不堪"]}, {"spell": "zonulae", "clearfix": ["[医]（单zonula）小带"]}, {"spell": "zonula adherens", "clearfix": ["<拉>中间连接"]}, {"spell": "zooglea", "clearfix": ["n.菌胶团"]}, {"spell": "zoochore", "clearfix": ["n.由动物做传粉媒介的植物"]}, {"spell": "zonule", "clearfix": ["n.小带"]}, {"spell": "zonetime", "clearfix": ["n.区时"]}, {"spell": "zonula occludens", "clearfix": ["闭合带"]}, {"spell": "zoneless", "clearfix": ["adj.无分区的，无束带的"]}, {"spell": "zoning", "clearfix": ["n.（城市规划中分成工厂区、住宅区等的）分区制; 成区; 分带"]}, {"spell": "zoogeography", "clearfix": ["n.动物地理学"]}, {"spell": "zool", "clearfix": ["n.任何动人或令人满意的东西"]}, {"spell": "zonked", "clearfix": ["adj.醉酒的，吸毒而恍惚的，服过麻醉药的"]}, {"spell": "zooarchaeology", "clearfix": ["n.动物考古学"]}, {"spell": "zooecology", "clearfix": ["n.动物生态学"]}, {"spell": "zoogoer", "clearfix": ["n.动物园迷（指喜欢去动物园的人）"]}, {"spell": "zoolater", "clearfix": ["n.动物的崇拜者"]}, {"spell": "zoochores", "clearfix": ["动物传布，动物传布植物"]}, {"spell": "zones", "clearfix": ["n.（划分出来的）地区( zone的名词复数 ); 区域; 气候带; 与赤道平行的五个气候带之一"]}, {"spell": "zoomorph", "clearfix": ["n.（绘画、雕刻之）动物形状物体[作品]; 动物形物"]}, {"spell": "zoomer", "clearfix": ["可变焦距镜头"]}, {"spell": "zoom out", "clearfix": ["v.缩小"]}, {"spell": "Zoogloea", "clearfix": ["[医]动胶菌属：假单胞菌目(Pseudomonadales)假单胞菌亚目，假单胞菌科的一属革兰氏阴性需氧杆菌，见于污水和水中"]}, {"spell": "zoographer", "clearfix": ["n.动物志学者"]}, {"spell": "zoonosis", "clearfix": ["n.动物传染病"]}, {"spell": "zoogleal", "clearfix": ["[医]动胶菌的，动胶菌性的"]}, {"spell": "zoopathology", "clearfix": ["n.动物病理学"]}, {"spell": "zoomorphic", "clearfix": ["adj.动物形像的，表现动物形像的; 兽形"]}, {"spell": "zooid", "clearfix": ["n.游动孢子; 个员"]}, {"spell": "zoonite", "clearfix": ["n.体节"]}, {"spell": "zoolite", "clearfix": ["n.化石动物"]}, {"spell": "zootomic", "clearfix": ["adj.动物解剖学的"]}, {"spell": "Zooflagellate", "clearfix": ["[医]鞭毛动物：动鞭纲中的动物样鞭毛原生动物。参见phytoflagellate"]}, {"spell": "zooparasite", "clearfix": ["n.寄生动物"]}, {"spell": "zoomania", "clearfix": ["n.嗜兽癖"]}, {"spell": "zoospore", "clearfix": ["n.游走孢子"]}, {"spell": "zoophilia", "clearfix": ["n.嗜兽癖，动物爱好"]}, {"spell": "zoonotic", "clearfix": ["[医] 动物传染病的"]}, {"spell": "zoologic", "clearfix": ["adj.动物学的，关于动物的"]}, {"spell": "zoons", "clearfix": ["v.发育完全的个体( zoon的第三人称单数 )"]}, {"spell": "zoophily", "clearfix": ["n.嗜兽癖，动物爱好"]}, {"spell": "zoological", "clearfix": ["adj.动物学的"]}, {"spell": "zoonal", "clearfix": ["adj.发育完全的个体"]}, {"spell": "zoon", "clearfix": ["n.发育完全的个体"]}, {"spell": "zoom in", "clearfix": ["v.放大"]}, {"spell": "zoologist", "clearfix": ["n.动物学家"]}, {"spell": "zoophilist", "clearfix": ["n.爱护动物者"]}, {"spell": "zoot suit", "clearfix": ["n.阻特装"]}, {"spell": "zoolatry", "clearfix": ["n.动物崇拜"]}, {"spell": "zooerastia", "clearfix": ["兽奸"]}, {"spell": "zoopsychology", "clearfix": ["n.动物心理学"]}, {"spell": "zoril", "clearfix": ["n.南非及小亚细亚产类似臭鼬的动物"]}, {"spell": "zoophilism", "clearfix": ["n.嗜兽癖，动物爱好"]}, {"spell": "zootomy", "clearfix": ["n.比较解剖学，动物解剖学"]}, {"spell": "Zora", "clearfix": ["n.卓拉(f.)"]}, {"spell": "zooks", "clearfix": ["int.gadzooks[缩略]"]}, {"spell": "zoom off", "clearfix": "关掉"}, {"spell": "zooxanthella", "clearfix": ["n.动物黄藻，虫黄藻"]}, {"spell": "zooidal", "clearfix": "动物"}, {"spell": "zooms", "clearfix": ["n.嗡嗡声( zoom的名词复数 ); 隆隆声; （车辆等）疾驰的声音; 变焦"]}, {"spell": "zoosperm", "clearfix": ["n.游动精子，游动孢子"]}, {"spell": "zoomorphism", "clearfix": ["n.动物形象，用动物之形象"]}, {"spell": "zookeeper", "clearfix": ["n.动物园管理员"]}, {"spell": "zoophilous", "clearfix": ["adj.由小动物传播的，爱护动物的"]}, {"spell": "zoophagous", "clearfix": ["adj.食肉的"]}, {"spell": "zoometry", "clearfix": ["n.动物测定（测量动物某部分以断定其大小）"]}, {"spell": "zooplankton", "clearfix": ["n.浮游动物"]}, {"spell": "zoosemiotics", "clearfix": ["n.动物符号学"]}, {"spell": "zoogenic", "clearfix": ["adj.由动物传染的，源于动物的"]}, {"spell": "zoom-in", "clearfix": ["[计] 移前"]}, {"spell": "zoomed", "clearfix": ["v.（飞机、汽车等）急速移动( zoom的过去式 ); （价格、费用等）急升，猛涨"]}, {"spell": "zoo-", "clearfix": ["pref.表示“动物，动物界”之义"]}, {"spell": "zoophyte", "clearfix": ["n.似植物的海生动物（如珊瑚虫、海葵等）"]}, {"spell": "zoomin", "clearfix": ["[医]电视摄像机移向目标物"]}, {"spell": "zootoxin", "clearfix": ["n.动物性毒素"]}, {"spell": "zoological garden", "clearfix": ["n.动物园"]}, {"spell": "zoos", "clearfix": ["n.动物园( zoo的名词复数 )"]}, {"spell": "zopiclone", "clearfix": ["（安眠药）吡嗪哌酯"]}, {"spell": "zoography", "clearfix": ["n.动物志学"]}, {"spell": "zooming", "clearfix": ["adj.快速上升的", "v.（飞机、汽车等）急速移动( zoom的过去分词 ); （价格、费用等）急升，猛涨"]}, {"spell": "zoophobia", "clearfix": ["n.动物恐惧（症），对动物产生的恐惧"]}, {"spell": "zoonoses", "clearfix": ["n.动物传染病( zoonosis的名词复数 )"]}, {"spell": "zoophytes", "clearfix": ["植物形动物"]}, {"spell": "zoophile", "clearfix": ["n.动物爱护者，适于动物传粉的植物"]}, {"spell": "zori", "clearfix": "佐里"}, {"spell": "zoo", "clearfix": ["n.动物园; <美俚>（铁路货车的最后一节）守车; <美俚>核粒子园"]}, {"spell": "zoolith", "clearfix": ["n.化石动物"]}, {"spell": "zootic", "clearfix": ["n.低等动物的"]}, {"spell": "zoom lens", "clearfix": ["n.变焦透镜"]}, {"spell": "zoology", "clearfix": ["n.动物学"]}, {"spell": "zone pellucida", "clearfix": "透明带"}, {"spell": "zoom", "clearfix": ["vi.嗡嗡作响; 急速上升", "n.嗡嗡声; 隆隆声; （车辆等）疾驰的声音; 变焦", "vt.使急速上升; 使猛增"]}, {"spell": "zorille", "clearfix": ["n.（南非的）臭鼬动物"]}, {"spell": "Zoroaster", "clearfix": ["拜火教的创始人"]}, {"spell": "zoster", "clearfix": ["n.带，带状疹子"]}, {"spell": "zugzwang", "clearfix": ["n.迫移"]}, {"spell": "zouave", "clearfix": ["n.亦作Zouave（穿阿拉伯式制服的）法国轻步兵（美国南北战争时穿阿拉伯式制服的）义勇兵，女用绣花短上衣"]}, {"spell": "zoysia", "clearfix": ["n.结缕草"]}, {"spell": "zowie", "clearfix": ["int.<美>好！ 呦（表示激动，热情，赞叹等的感叹词）"]}, {"spell": "zui", "clearfix": ["最（汉语拼音）"]}, {"spell": "zygomycota", "clearfix": ["接合菌类; 接合菌纲"]}, {"spell": "zr", "clearfix": ["abbr.Zaire 扎伊尔"]}, {"spell": "zygomatic", "clearfix": ["adj.颧骨的，颧弓的"]}, {"spell": "zwitterion", "clearfix": ["n.两性离子"]}, {"spell": "Zygoma", "clearfix": ["颞颧弓"]}, {"spell": "zounds", "clearfix": ["int.表示愤怒惊讶的咒骂声"]}, {"spell": "zyme", "clearfix": ["n.酶，病菌"]}, {"spell": "zwieback", "clearfix": ["n.<德>烤干面包（常用鸡蛋甜面包烤成的一种面包片）"]}, {"spell": "zygotene", "clearfix": ["n.（细胞减数分裂前期的）偶线期，合线期"]}, {"spell": "Zoroastrian", "clearfix": ["adj.与索罗亚斯德教有关的", "n.索罗亚斯德教的教徒"]}, {"spell": "zucchetto", "clearfix": ["n.无边帽"]}, {"spell": "zymotic", "clearfix": ["adj.发酵"]}, {"spell": "zucchini", "clearfix": ["n.夏季产南瓜之一种; (US) N [C/U] 绿皮密生西葫芦 [英=courgette]"]}, {"spell": "zw", "clearfix": ["abbr.Zimbabwe 津巴布韦"]}, {"spell": "zymogen", "clearfix": ["n.酵母质; 酵素原; 发酵菌; 酶原"]}, {"spell": "zygomorphic", "clearfix": ["adj.两侧对称的"]}, {"spell": "zwitterionic", "clearfix": ["adj.两性离子的"]}, {"spell": "zymurgy", "clearfix": ["n.酿造学"]}, {"spell": "zygospore", "clearfix": ["n.接合子，接合孢子"]}, {"spell": "zygapophyses", "clearfix": ["n.椎骨之关节突( zygapophysis的名词复数 )"]}, {"spell": "zygomatic process", "clearfix": ["n.颧骨突起; 颧突"]}, {"spell": "Zwinglianism", "clearfix": ["n.茨温利教义"]}, {"spell": "zymogenic", "clearfix": ["adj.酵母质的; 酵素原的; 发酵菌的; 酶原的"]}, {"spell": "zygomata", "clearfix": ["n.颧骨，颧骨突起; 颊骨，颧骨( zygoma的名词复数 )"]}, {"spell": "Zygomycete", "clearfix": ["接合菌纲"]}, {"spell": "Zygomycetes", "clearfix": ["接合菌亚纲"]}, {"spell": "zymoses", "clearfix": ["n.发酵( zymosis的名词复数 ); 发酵作用; 发酵病; 传染病"]}, {"spell": "ZU", "clearfix": ["abbr.Dublin 都柏林（爱尔兰汽车牌照注册地代码）（代号）; Freedom Air 自由国际航空公司（代码）; Union of South Africa 南非共和国（国际民用飞行器标号）; lighter-than-air utility aircraft 比空气轻的多用途飞机（美国海军舰船符号）"]}, {"spell": "zygodactyl", "clearfix": ["n.攀木类鸟", "adj.（鸟）对生趾的，脚掌前后有双趾的"]}, {"spell": "zygophyte", "clearfix": ["n.接合植物"]}, {"spell": "zygomatic bone", "clearfix": ["n.颧骨颧骨"]}, {"spell": "zucchinis", "clearfix": ["n.夏季产南瓜之一种( zucchini的名词复数 ); (US) N [C/U] 绿皮密生西葫芦 [英=courgette]"]}, {"spell": "zymosis", "clearfix": ["n.发酵; 发酵作用;  发酵病; 传染病"]}, {"spell": "zymosterol", "clearfix": ["n.酵母甾醇（一种结晶性不饱和固醇）"]}, {"spell": "Zurich", "clearfix": ["n.苏黎世"]}, {"spell": "zygosis", "clearfix": ["n.接合"]}, {"spell": "zymolysis", "clearfix": ["n.发酵，酵解（作用）"]}, {"spell": "zymoscope", "clearfix": ["n.发酵测定器; 发酵力测定器"]}, {"spell": "zymogram", "clearfix": ["n.酶谱"]}, {"spell": "zygotic", "clearfix": ["[医] 合子的"]}, {"spell": "zymology", "clearfix": ["n.发酵学，发酵论; 酶学"]}, {"spell": "zumbooruk", "clearfix": ["n.旋回炮"]}, {"spell": "zymic", "clearfix": ["adj.发酵的"]}, {"spell": "zygophyllum", "clearfix": ["n.霸王属"]}, {"spell": "zymase", "clearfix": ["n.酿酶，酒化酶; 醇酶"]}, {"spell": "zydeco", "clearfix": ["n.柴迪科舞（曲）"]}, {"spell": "zygosity", "clearfix": ["n.接合性"]}, {"spell": "zythum", "clearfix": ["n.古埃及的啤酒"]}, {"spell": "zymose", "clearfix": ["n.转化酶"]}, {"spell": "zygote", "clearfix": ["n.<生物>合子，受精卵"]}, {"spell": "zymogene", "clearfix": "合子"}]