[{"spell": "Qatar", "clearfix": ["n.卡塔尔"]}, {"spell": "qing", "clearfix": ["清；青（汉语拼音）"]}, {"spell": "Quantico", "clearfix": ["[地名] [美国] 匡蒂科"]}, {"spell": "QBE", "clearfix": ["[计]= Query By Example,仿效实例询问（一种数据库查询语言）"]}, {"spell": "Quade", "clearfix": ["[人名] 奎德"]}, {"spell": "QIC", "clearfix": ["1/4 尺磁带盒(Quarter Inch Casscatte)"]}, {"spell": "QA", "clearfix": ["abbr.Quality Assessment 质量评价"]}, {"spell": "Q", "clearfix": ["n.英语字母表的第17个字母; [电影]翼龙"]}, {"spell": "Quakerism", "clearfix": ["n.贵格会"]}, {"spell": "qualifiers", "clearfix": ["n.合格者，已取得资格的人( qualifier的名词复数 ); 修饰语"]}, {"spell": "QC", "clearfix": ["abbr.Quality Control 质量控制；质量管理"]}, {"spell": "QAM", "clearfix": ["abbr.Quadrature Amplitude Modulation 正交幅度调制"]}, {"spell": "QUAS", "clearfix": ["[计]= QUantum Amplification by Stimulated emission of radiation,受激幅射量子放大（率）"]}, {"spell": "Q fever", "clearfix": ["Q热"]}, {"spell": "QL", "clearfix": ["查询语言"]}, {"spell": "Queensland", "clearfix": ["昆士兰州（澳大利亚州名）"]}, {"spell": "Quadri", "clearfix": ["[地名] [意大利] 夸德里"]}, {"spell": "qaid", "clearfix": ["n.酋长，伊斯兰教法官或市政官员"]}, {"spell": "Quich", "clearfix": ["abbr.Quichua 盖丘亚族（南美印第安人的一大分支），盖丘亚族人"]}, {"spell": "quality circle", "clearfix": ["质量攻关会议； 质量（管理）小组"]}, {"spell": "Qbasic", "clearfix": ["n.Qbasic语言"]}, {"spell": "Qiana", "clearfix": ["n.奎阿纳（一种蚕丝感较强、耐洗、不起皱的脂环族聚酰胺纤维）（商标名）"]}, {"spell": "Quercus", "clearfix": ["[医]栎属，栎（树），槲（树），橡（树）"]}, {"spell": "qi", "clearfix": ["n.<汉>气"]}, {"spell": "Quet", "clearfix": ["abbr.quetzal 格查尔（危地马拉货币单位）"]}, {"spell": "Quaker", "clearfix": ["n.教友会教徒，教友派信徒"]}, {"spell": "Quarks", "clearfix": ["[计]夸克粒子束，夸克粒子流"]}, {"spell": "Quel", "clearfix": ["（植物生长抑制剂）嘧啶醇"]}, {"spell": "QuickTime", "clearfix": ["Apple公司的数字多媒体技术"]}, {"spell": "qx", "clearfix": ["abbr.quasi-crystalline 准结晶的，准晶体的; quintaux (French=hundred-weights) （法语）百个计量单位"]}, {"spell": "quackish", "clearfix": ["adj.庸医的，胡吹的"]}, {"spell": "Quinter", "clearfix": ["[地名] [美国] 昆特"]}, {"spell": "Quintin", "clearfix": ["[男子名] 昆廷来源于拉丁语，含义是“（排行）第五”(the fifth); [地名] [法国] 坎坦"]}, {"spell": "quacked", "clearfix": ["v.（鸭子）发出嘎嘎声( quack的过去式和过去分词 )"]}, {"spell": "Quaalude", "clearfix": ["n.安眠酮（商标名）"]}, {"spell": "Quakers", "clearfix": ["n.公谊会教徒，贵格会教徒，教友会教徒（基督教教派，反对暴力，宗教仪式简单且无神职人员）( Quaker的名词复数 )"]}, {"spell": "Quamoclit", "clearfix": "石英岩体"}, {"spell": "Quiring", "clearfix": ["n.(Quiring)人名; (德)奎林"]}, {"spell": "quadraphonic", "clearfix": ["adj.四声道的"]}, {"spell": "quadrants", "clearfix": ["n.四分之一圆( quadrant的名词复数 ); 扇形体; 象限仪; 四分仪"]}, {"spell": "Queenstown", "clearfix": ["n.昆斯敦"]}, {"spell": "Qomolangma", "clearfix": ["n.珠穆朗玛"]}, {"spell": "Quality Control Engineer", "clearfix": "质量控制工程师"}, {"spell": "qiviut", "clearfix": ["n.<美>北极麝牛身上的绒毛"]}, {"spell": "quite a little", "clearfix": ["许多"]}, {"spell": "Quillaia", "clearfix": ["皂树属"]}, {"spell": "qr", "clearfix": ["abbr.quarter 四分之一，一刻钟，季度"]}, {"spell": "qualcomm", "clearfix": ["n.高通（美国公司）; 高通公司"]}, {"spell": "Qum", "clearfix": ["库姆（伊朗西北部城市）（什叶派穆斯林的圣城）"]}, {"spell": "quacks", "clearfix": ["abbr.quacksalvers 庸医，骗子(16世纪习惯用水银或汞治疗梅毒的人)", "n.<英>江湖医生( quack的名词复数 ); 江湖郎中; （鸭子的）呱呱声", "v.（鸭子）发出嘎嘎声( quack的第三人称单数 )"]}, {"spell": "qintar", "clearfix": ["n.昆塔（阿尔巴尼亚辅币名）"]}, {"spell": "Quasimodo", "clearfix": ["n.复活节后的第一个星期天"]}, {"spell": "quadrangles", "clearfix": ["n.四边形( quadrangle的名词复数 ); （尤指大学的学院等的）四方院子"]}, {"spell": "Quine", "clearfix": ["[人名] 奎因"]}, {"spell": "quadrangular", "clearfix": ["adj.四边形的; 四棱柱"]}, {"spell": "Quentin", "clearfix": ["n.昆廷（男子名）"]}, {"spell": "qua", "clearfix": ["prep.作为，以…的身份或资格; 苍鸭"]}, {"spell": "Quinn", "clearfix": ["[人名] [爱尔兰姓氏] 奎因盖尔语姓氏的英语形式，来源于别名，含义是“首领”(leader,chief); [地名] [美国] 奎恩"]}, {"spell": "QMW", "clearfix": ["abbr.quartz metal window 石英金属窗口"]}, {"spell": "qty", "clearfix": ["abbr.quantity 量，数量，大量"]}, {"spell": "Quinton", "clearfix": ["[人名] [英格兰人姓氏] 昆顿住所名称，来源于古英语，含义是“王后+圈用地，居留地”(queen+enclosure,settlement); [人名] [英格兰人姓氏] 昆顿来源于古法语教名，含义是“（排行）第五”(the fifth); [人名] [英格兰人姓氏] 昆顿诺曼底住所名称，来源于第三世纪罗马传教士; [地名] [加拿大、美国、英国] 昆顿"]}, {"spell": "quackery", "clearfix": ["n.庸医的医术，骗子的行为"]}, {"spell": "quadrat", "clearfix": ["n.嵌块（填空的铅块）"]}, {"spell": "quadded", "clearfix": ["adj.四线的"]}, {"spell": "quackgrass", "clearfix": ["n.匍匐冰草"]}, {"spell": "qoph", "clearfix": ["n.希伯莱语第十九个字母"]}, {"spell": "quadding", "clearfix": ["星绞"]}, {"spell": "Quebec", "clearfix": ["n.魁北克; 通讯中用来代表q的字"]}, {"spell": "Quadragesimal", "clearfix": ["adj.四旬斋的，(适于)四旬斋节的; [q-]由四十组成的，(尤指四旬斋期等)延续四十天的"]}, {"spell": "Quinlan", "clearfix": ["[人名] [爱尔兰姓氏] 昆兰盖尔语姓氏的英语形式，来源于人名，含义是“清秀的，美丽的+外貌”(comely,fair+form)+小称后缀an; [人名] [爱尔兰姓氏] 昆兰盖尔语姓氏的英语形式，来源于人名，含义是“猎犬+勇敢”(hound+valour); [地名] [美国] 昆兰"]}, {"spell": "Quran", "clearfix": ["n.（伊斯兰教）可兰经"]}, {"spell": "Quality Inspector", "clearfix": ["质量检验员"]}, {"spell": "Qom", "clearfix": ["库姆（伊朗西北部城市）（什叶派穆斯林的圣城）"]}, {"spell": "Que", "clearfix": ["abbr.Quebec <加拿大>魁北克; Quechua 盖丘亚族（南美印第安人的一大分支），盖丘亚族人"]}, {"spell": "quadraphony", "clearfix": ["n.四声道立体声"]}, {"spell": "Quira", "clearfix": "奎拉"}, {"spell": "qindarka", "clearfix": "秦达卡"}, {"spell": "Quintins", "clearfix": ["[人名] 昆廷斯"]}, {"spell": "quab", "clearfix": ["n.未成熟的东西"]}, {"spell": "quadra", "clearfix": ["n.正方形的框架，浅浮雕周围的方框，任何浮雕框架的边沿"]}, {"spell": "quacksalver", "clearfix": ["n.庸医，骗子"]}, {"spell": "quadrate", "clearfix": ["adj.方形的，长方形的", "n.方形，长方（动物）骨", "vt.使适合，使一致"]}, {"spell": "Questa", "clearfix": "任务"}, {"spell": "Quinque", "clearfix": "昆克"}, {"spell": "quadrangle", "clearfix": ["n.四边形; （尤指大学的学院等的）四方院子"]}, {"spell": "quacking", "clearfix": ["v.（鸭子）发出嘎嘎声( quack的现在分词 )"]}, {"spell": "questionnaires", "clearfix": ["n.调查表，问卷( questionnaire的名词复数 )"]}, {"spell": "quadrant", "clearfix": ["n.四分之一圆; 扇形体; 象限仪; 四分仪"]}, {"spell": "quad", "clearfix": ["n.四倍; 空铅; （大学的）四周有建筑物围绕的方院; 四胞胎之一"]}, {"spell": "quack", "clearfix": ["n.<英>江湖医生; 江湖郎中; （鸭子的）呱呱声", "vi.（鸭子）发出嘎嘎声"]}, {"spell": "Querry", "clearfix": "奎瑞"}, {"spell": "Quote of the Day Protocol", "clearfix": "引用日议定书"}, {"spell": "quadratic equation", "clearfix": ["二次方程"]}, {"spell": "quadrennial", "clearfix": ["adj.继续四年的，每四年一次的"]}, {"spell": "quadriga", "clearfix": ["n.四马二轮战车"]}, {"spell": "quadricycle", "clearfix": ["n.四轮车", "adj.四轮的"]}, {"spell": "quadriliteral", "clearfix": ["adj.包含有四个字母或辅音的", "n.包含有四个字母或辅音的字[字根]"]}, {"spell": "quadriceps", "clearfix": ["n.四头肌"]}, {"spell": "quadri-", "clearfix": ["combining form四；四…的"]}, {"spell": "quadriplegia", "clearfix": ["n.四肢麻痹，四肢瘫痪"]}, {"spell": "quadrel", "clearfix": ["n.方形石，方砖"]}, {"spell": "quadrigae", "clearfix": ["n.四马二轮战车( quadriga的名词复数 ); 四马战车雕饰"]}, {"spell": "quadrillionth", "clearfix": ["adj.千万亿分之一的", "adv.千万亿分之一地", "n.千万亿分之一"]}, {"spell": "quadrisect", "clearfix": ["v.把…四等分"]}, {"spell": "quadrijugous", "clearfix": ["四对的"]}, {"spell": "quadriceps femoris muscle", "clearfix": ["[体]股四头肌"]}, {"spell": "quadrophonic", "clearfix": ["adj.四声道的"]}, {"spell": "quadroon", "clearfix": ["n.白人与半白人之混血儿，（黑人血统占）四分之一的混血儿"]}, {"spell": "quadricentennial", "clearfix": ["adj.400周年纪念的，400岁的", "n.400周年（纪念）"]}, {"spell": "quadrupeds", "clearfix": ["n.四足动物( quadruped的名词复数 )"]}, {"spell": "quadrivalent", "clearfix": ["adj.四价的"]}, {"spell": "quadrennium", "clearfix": ["n.四年"]}, {"spell": "quadrille", "clearfix": ["n.四人用四十张纸牌玩的牌戏，四对方舞，四对方舞曲"]}, {"spell": "quadratics", "clearfix": ["n.二次方程式论"]}, {"spell": "quadrillion", "clearfix": ["n.千的五次方，百万的四次方"]}, {"spell": "quailing", "clearfix": ["v.害怕，发抖，畏缩( quail的现在分词 )"]}, {"spell": "quadruplex", "clearfix": ["adj.四重[倍的，工]的; 四工制; 四式型"]}, {"spell": "quadrilateral", "clearfix": ["n.四边形"]}, {"spell": "quadrinomial", "clearfix": ["adj.四项的", "n.四项式"]}, {"spell": "quadrupled", "clearfix": ["v.（使）成四倍( quadruple的过去式和过去分词 )"]}, {"spell": "quadrics", "clearfix": ["二次型"]}, {"spell": "quadruplets", "clearfix": ["n.四组，四胞胎中之一( quadruplet的名词复数 )"]}, {"spell": "quagga", "clearfix": ["n.斑驴（产于南非）"]}, {"spell": "quadruped", "clearfix": ["n.四足动物"]}, {"spell": "quadrivium", "clearfix": ["n.（中世纪的）四门学科（指算术、几何、天文、音乐）"]}, {"spell": "quadrode", "clearfix": ["n.四极管"]}, {"spell": "quadrumana", "clearfix": ["n.灵长类动物，四足构造皆如手的脊椎动物; 四手动物"]}, {"spell": "Quirl", "clearfix": "旋转"}, {"spell": "quadrupedal", "clearfix": ["adj.有四脚的，四足动物的"]}, {"spell": "quadric", "clearfix": ["adj.二次的", "n.二次曲面"]}, {"spell": "quaffed", "clearfix": ["v.<文>痛饮( quaff的过去式和过去分词 ); 畅饮; 大口大口将…喝干; 一饮而尽"]}, {"spell": "quale", "clearfix": ["n.可感受的特质"]}, {"spell": "Quakeress", "clearfix": ["n.贵格会教派女信徒"]}, {"spell": "quaggy", "clearfix": ["adj.沼地的，泥泞的"]}, {"spell": "quads", "clearfix": ["n.四倍( quad的名词复数 ); 空铅; （大学的）四周有建筑物围绕的方院; 四胞胎之一"]}, {"spell": "qualified to", "clearfix": "符合条件"}, {"spell": "quaintness", "clearfix": ["n.离奇有趣，古怪的事物"]}, {"spell": "quails", "clearfix": ["n.鹌鹑( quail的名词复数 ); 鹌鹑肉", "v.害怕，发抖，畏缩( quail的第三人称单数 )"]}, {"spell": "quadrisyllable", "clearfix": ["n.四音节字; 四音节词"]}, {"spell": "quadriplegic", "clearfix": ["n.四肢瘫痪者"]}, {"spell": "quadrates", "clearfix": "方形的"}, {"spell": "Queck", "clearfix": "奎克"}, {"spell": "quaere", "clearfix": ["n.询问，问题", "v.请问"]}, {"spell": "Quey", "clearfix": "好极了"}, {"spell": "quadruples", "clearfix": ["v.（使）成四倍( quadruple的第三人称单数 )"]}, {"spell": "quag", "clearfix": ["n.沼地，泥沼"]}, {"spell": "quaky", "clearfix": ["adj.震动的，战栗的"]}, {"spell": "quai", "clearfix": ["n.<法>码头"]}, {"spell": "quaintly", "clearfix": ["adv.古雅别致，离奇有趣地，优雅地"]}, {"spell": "quadrated", "clearfix": "四方"}, {"spell": "qualifiable", "clearfix": ["adj.可修饰的，可限制的"]}, {"spell": "quadro kill", "clearfix": "杀死方块"}, {"spell": "quadruplicate", "clearfix": ["adj.四倍的", "n.四组中的一个，一式四份的文件"]}, {"spell": "quagmiry", "clearfix": ["adj.多泥沼的，多泥泞的"]}, {"spell": "quaich", "clearfix": ["n.双耳小浅酒杯"]}, {"spell": "quaffing", "clearfix": ["v.<文>痛饮( quaff的现在分词 ); 畅饮; 大口大口将…喝干; 一饮而尽"]}, {"spell": "quaintest", "clearfix": ["adj.古色古香的( quaint的最高级 ); 少见的，古怪的"]}, {"spell": "quahog", "clearfix": ["n.圆蛤类（产于北美洲）"]}, {"spell": "quaestor", "clearfix": ["n.刑事推事，主管财务官吏"]}, {"spell": "quainter", "clearfix": ["adj.古色古香的( quaint的比较级 ); 少见的，古怪的"]}, {"spell": "quadrupole", "clearfix": ["n.四极"]}, {"spell": "quakes", "clearfix": ["v.颤抖， （因害怕或寒冷而）发抖( quake的第三人称单数 ); （地面）震动"]}, {"spell": "quake", "clearfix": ["vi.发抖，颤抖; 摇动，震动"]}, {"spell": "qualia", "clearfix": ["n.可感受的特质( quale的名词复数 )"]}, {"spell": "quaked", "clearfix": ["v.颤抖， （因害怕或寒冷而）发抖( quake的过去式和过去分词 ); （地面）震动"]}, {"spell": "quagmire", "clearfix": ["n.沼泽地; 泥潭; 无法脱身的困境"]}, {"spell": "quadripartite", "clearfix": ["adj.分成四组的，由四部组成的"]}, {"spell": "quaking", "clearfix": ["v.颤抖， （因害怕或寒冷而）发抖( quake的现在分词 ); （地面）震动"]}, {"spell": "quadrating", "clearfix": "四方"}, {"spell": "quadrature", "clearfix": ["n.求积，求积分; 求积法; 求面积; 转象差"]}, {"spell": "qualifier", "clearfix": ["n.合格者，已取得资格的人; [语]修饰语; 预选赛，资格赛"]}, {"spell": "quailed", "clearfix": ["v.害怕，发抖，畏缩( quail的过去式和过去分词 )"]}, {"spell": "quaffs", "clearfix": ["v.<文>痛饮( quaff的第三人称单数 ); 畅饮; 大口大口将…喝干; 一饮而尽"]}, {"spell": "qualifies", "clearfix": ["v.（使）具有资格( qualify的第三人称单数 ); 有权; 达标; 使所说的话语气减弱（或更具体等）"]}, {"spell": "quahaug", "clearfix": ["n.圆蛤类（产于北美洲）"]}, {"spell": "Querida", "clearfix": "奎里达"}, {"spell": "quaint", "clearfix": ["adj.古色古香的; 少见的，古怪的; 离奇有趣的，; 做得精巧的"]}, {"spell": "quaigh", "clearfix": ["n.双耳小浅酒杯"]}, {"spell": "quadruple", "clearfix": ["adj.四重的; 四倍的; 由四部份组成的", "vt.& vi.使乘四或被四乘"]}, {"spell": "quaff", "clearfix": ["vt.& vi.<文>痛饮; 畅饮; 大口大口将…喝干; 一饮而尽"]}, {"spell": "qualification", "clearfix": ["n.资格，授权; 条件，限制; 合格证书"]}, {"spell": "quadrumanous", "clearfix": ["adj.四足皆可当手用的"]}, {"spell": "qualifications", "clearfix": ["n.资格，条件; 合格证书( qualification的名词复数 ); 资格; 条件; 限制"]}, {"spell": "quadrupling", "clearfix": ["n.四倍", "v.（使）成四倍( quadruple的现在分词 )"]}, {"spell": "quaggier", "clearfix": "分拣机；"}, {"spell": "quaffer", "clearfix": "夸弗"}, {"spell": "qualify", "clearfix": ["v.（使)有资格/权利; 达到标准; 可算作是; 限定"]}, {"spell": "quail", "clearfix": ["n.鹌鹑; 鹌鹑肉; <美俚>女大学生", "vi.沮丧; 畏缩，胆怯; 感到恐惧", "vt.使沮丧; 使畏缩"]}, {"spell": "qualified", "clearfix": ["adj.有资格的; 具备…的学历/资历; 有条件的"]}, {"spell": "qualify as", "clearfix": ["通过考试等取得当…的资格; 把…描述为…"]}, {"spell": "qualify for", "clearfix": ["（使）有…资格; 受到…"]}, {"spell": "qualmish", "clearfix": ["adj.似要作呕的，受良心责备的"]}, {"spell": "qualifying", "clearfix": ["adj.使具有资格的", "v.（使）具有资格( qualify的现在分词 ); 有权; 达标; 使所说的话语气减弱（或更具体等）"]}, {"spell": "qualms", "clearfix": ["n.不安，良心之谴责; 不安， （对某事是否正确感到的）疑虑( qualm的名词复数 )"]}, {"spell": "quality assurance", "clearfix": ["质量保证"]}, {"spell": "qualitatively", "clearfix": ["adv.质量上"]}, {"spell": "quality circles", "clearfix": ["质量研讨小组/质量圈"]}, {"spell": "quango", "clearfix": ["n.半独立国家的政府组织，半官方机构"]}, {"spell": "quandong", "clearfix": ["n.檀香科树木（产于澳洲）"]}, {"spell": "qualm", "clearfix": ["n.不安，疑惧; 恶心，眩晕; 忧虑; 良心谴责"]}, {"spell": "quandaries", "clearfix": ["n.窘困( quandary的名词复数 ); 不知所措; 左右为难"]}, {"spell": "quantifies", "clearfix": ["v.确定…的数量( quantify的第三人称单数 )"]}, {"spell": "qualifying trials", "clearfix": ["[体]及格赛"]}, {"spell": "quantise", "clearfix": ["vt.<主英>使量子化"]}, {"spell": "quantifiability", "clearfix": ["n.可定量的性质或状态"]}, {"spell": "quamash", "clearfix": ["n.北美产的百合科植物"]}, {"spell": "qualitative analysis", "clearfix": ["n.定性分析"]}, {"spell": "quantizing", "clearfix": ["n.量（子）化", "v.使量子化( quantize的现在分词 )"]}, {"spell": "quantifiable", "clearfix": ["adj.可以计量的"]}, {"spell": "quantic", "clearfix": ["n.同次多项式; 齐式"]}, {"spell": "quantizes", "clearfix": ["v.使量子化( quantize的第三人称单数 )"]}, {"spell": "quantizing noise", "clearfix": ["量化噪音"]}, {"spell": "quantity of applicant", "clearfix": ["侯选人数量"]}, {"spell": "quantile", "clearfix": ["n.分位数; 分位点"]}, {"spell": "quandang", "clearfix": ["n.檀香科树木（产于澳洲）"]}, {"spell": "quantifiers", "clearfix": ["n.数量词，量词( quantifier的名词复数 )"]}, {"spell": "quantitate", "clearfix": ["v.测定（估计）的数量，用数量来表示"]}, {"spell": "quantitively", "clearfix": ["数量上"]}, {"spell": "quantivalence", "clearfix": ["n.原子价"]}, {"spell": "quantified", "clearfix": ["v.确定…的数量( quantify的过去式和过去分词 )"]}, {"spell": "quarantining", "clearfix": ["v.对…进行检疫隔离( quarantine的现在分词 )"]}, {"spell": "Quantitative easing", "clearfix": ["量化宽松"]}, {"spell": "quality management", "clearfix": ["质量管理"]}, {"spell": "quarryman", "clearfix": ["n.采石工，凿石匠"]}, {"spell": "quantification", "clearfix": ["n.量（化）; 以数量表示"]}, {"spell": "quaquaversal", "clearfix": ["adj.（地层和地质构造）穹形的; 穹状"]}, {"spell": "quantitive", "clearfix": ["adj.数量的，定量的"]}, {"spell": "quantong", "clearfix": ["n.框档树； 框档果"]}, {"spell": "quantum number", "clearfix": ["量子数"]}, {"spell": "quarry tile", "clearfix": ["n.缸砖，大铺地砖"]}, {"spell": "quality control", "clearfix": ["n.质量管理"]}, {"spell": "quant", "clearfix": ["n.（诺福克郡等处驳船上用的一头带有凸起以防陷入泥中的）篙", "vt.用篙撑（船）"]}, {"spell": "quark", "clearfix": ["n.夸克（构成原子的最小粒子）"]}, {"spell": "quare", "clearfix": ["[法] 所以，因此，因…理由"]}, {"spell": "quantize", "clearfix": ["vt.使量子化"]}, {"spell": "quarreling", "clearfix": ["vi.争辩，争吵（quarrel的现在分词形式）"]}, {"spell": "quantum leap", "clearfix": ["n.量子跃迁，<喻>跃进，巨大突破"]}, {"spell": "quantal", "clearfix": ["adj.（实验中）仅有两种可能的； 量子的，量子论的"]}, {"spell": "quantisation", "clearfix": ["量子化"]}, {"spell": "quantized", "clearfix": ["v.使量子化( quantize的过去式和过去分词 )"]}, {"spell": "quantifying", "clearfix": ["n.定量法", "v.确定…的数量( quantify的现在分词 )"]}, {"spell": "quality time", "clearfix": ["珍贵时间（尤指与年幼的子女参加社会活动的时间）"]}, {"spell": "quantities of", "clearfix": ["大量的"]}, {"spell": "quap", "clearfix": ["n.夸普（一种假设的含有一个反质子和一个夸克的核粒子）"]}, {"spell": "quarries", "clearfix": ["n.（采）石场( quarry的名词复数 ); 猎物（指鸟，兽等）; 方形石; （格窗等的）方形玻璃", "v.从采石场采得( quarry的第三人称单数 ); 从（书本等中）努力发掘（资料等）; 在采石场采石"]}, {"spell": "quantifier", "clearfix": ["n.数量词，量词"]}, {"spell": "quantity surveyor", "clearfix": ["施工技术员"]}, {"spell": "quantify", "clearfix": ["vt.确定…的数量; [逻辑学] 用量词限定"]}, {"spell": "quarrels", "clearfix": ["n.争吵，不和，口角( quarrel的名词复数 ); 抱怨…的原因[理由]"]}, {"spell": "quartan malaria", "clearfix": ["n.四日疟（每四天发烧一次的热病）"]}, {"spell": "quarantined", "clearfix": ["v.对…进行检疫隔离( quarantine的过去式和过去分词 )"]}, {"spell": "quarantines", "clearfix": ["v.对…进行检疫隔离( quarantine的第三人称单数 )"]}, {"spell": "quantum jump", "clearfix": ["n.量子跃迁，<喻>跃进，巨大突破"]}, {"spell": "quants", "clearfix": ["n.数量化投资; 数量分析专家; 船篙（quant的复数）", "v.用篙撑（quant的三单形式）"]}, {"spell": "quar", "clearfix": ["abbr.quarter 四分之一; quarterly 季刊; quarantive 检疫（处）; quart 夸脱（英美容量单位，等于1/4加仑）"]}, {"spell": "quantity discount", "clearfix": ["数量折扣，大量购买折扣"]}, {"spell": "quarreler", "clearfix": ["n.争吵的人，喜欢埋怨的人"]}, {"spell": "quartan", "clearfix": ["adj.每四天的", "n.四日热"]}, {"spell": "quantization", "clearfix": ["n.量子化; 数字化; 量化"]}, {"spell": "quarry operation", "clearfix": ["露天开采工作"]}, {"spell": "quarrying", "clearfix": ["v.采石; 从采石场采得( quarry的现在分词 ); 从（书本等中）努力发掘（资料等）; 在采石场采石"]}, {"spell": "qualities", "clearfix": ["n.质( quality的名词复数 ); 特点; 品质; 优点"]}, {"spell": "quantitatively", "clearfix": ["adv.数量上"]}, {"spell": "quantitative", "clearfix": ["adj.定量的; 数量（上）的"]}, {"spell": "quantum", "clearfix": ["n.[物]量子; 定量，总量; 美国昆腾公司（世界领先的硬盘生产商）"]}, {"spell": "quart", "clearfix": ["n.夸脱（液体或固体的容积单位）"]}, {"spell": "quantitative analysis", "clearfix": ["n.定量分析"]}, {"spell": "quantum mechanics", "clearfix": ["n.量子力学"]}, {"spell": "quarrel with", "clearfix": ["和…争吵; 不同意;  挑剔; 埋怨"]}, {"spell": "quarry", "clearfix": ["n.采石场; 猎物; 正方形，菱形; 来源", "vt.挖出; 努力挖掘", "vi.费力地找"]}, {"spell": "quanta", "clearfix": ["n.定量，总量; 量子(quantum的复数形式)"]}, {"spell": "quarrelled", "clearfix": ["vi.争辩，争吵（quarrel的过去式与过去分词形式）"]}, {"spell": "quantizer", "clearfix": ["n.数字转换器; 量化器; 量子化; （变换）器"]}, {"spell": "quarrel", "clearfix": ["n.争吵，分歧; 抱怨的理由", "v.争吵; 反对"]}, {"spell": "qualitative", "clearfix": ["adj.定性的，定质的; 性质上的; 质量的"]}, {"spell": "quarrier", "clearfix": ["n.采石工人，凿石匠; 采挖者"]}, {"spell": "quantum theory", "clearfix": ["量子论"]}, {"spell": "quarried", "clearfix": ["v.从采石场采得( quarry的过去式和过去分词 ); 从（书本等中）努力发掘（资料等）; 在采石场采石"]}, {"spell": "quarantinable", "clearfix": ["adj.应受检疫的，应隔离的"]}, {"spell": "quarrelsome", "clearfix": ["adj.<贬>（人）好争吵的，动辄争吵的"]}, {"spell": "quadruplet", "clearfix": ["n.四组，四胞胎中之一"]}, {"spell": "quantities", "clearfix": ["n.量( quantity的名词复数 ); 大量; [语音学、韵律学]音量（指元音或音节的长短）; 数目"]}, {"spell": "quarreled", "clearfix": ["vi.争辩，争吵（quarrel的过去式与过去分词形式）"]}, {"spell": "quarrelling", "clearfix": ["吵架(quarrel的现在进行式); 争论"]}, {"spell": "quarantine", "clearfix": ["n.检疫期，隔离期; 检疫所，隔离所; 四十天的时间", "vt.对…进行检疫; 隔离"]}, {"spell": "quandary", "clearfix": ["n.窘困; 不知所措; 左右为难"]}, {"spell": "quantity", "clearfix": ["n.数量，数额; 大量，众多"]}, {"spell": "quantity unit", "clearfix": "数量单位"}, {"spell": "quarte", "clearfix": ["n.四张同花顺，（击剑中的）第4姿势"]}, {"spell": "quality", "clearfix": ["n.质量; 特性; 素质; 优质", "adj.优质的; 棒极了; 内容严肃的（报纸）"]}, {"spell": "quarter", "clearfix": ["n. 四分之一; 季度; 一刻钟; 25分硬币; 地区; 群体; 营房; 半圆的月相; 一节; 夸特; 慈悲; 住处", "v.把…分成四等份; 为…提供临时住所"]}, {"spell": "quarter century", "clearfix": ["四分之一世纪"]}, {"spell": "quarterfinal", "clearfix": ["n.四分之一决赛"]}, {"spell": "quarter-deck", "clearfix": ["n.后甲板，高级船员或军官", "v.来回走动"]}, {"spell": "quartermaster", "clearfix": ["n.<军>军需官，军需主任; <海>舵手"]}, {"spell": "quarter-hour", "clearfix": ["n.一刻钟，钟面上标明第一刻钟（或第三刻钟的）点"]}, {"spell": "quarterdeck", "clearfix": ["n.后甲板"]}, {"spell": "quartette", "clearfix": ["n.四重唱，四重奏"]}, {"spell": "quartile", "clearfix": ["n.四分位数"]}, {"spell": "quarter note", "clearfix": ["n.四分音符"]}, {"spell": "quarter moon", "clearfix": "四分之一月亮"}, {"spell": "quartic", "clearfix": ["adj.四次的", "n.四次式"]}, {"spell": "quarterage", "clearfix": ["n.按季的支付款项，住宿费，季库津贴"]}, {"spell": "quartus", "clearfix": ["adj.第四的"]}, {"spell": "quarter tone", "clearfix": ["n.四分音"]}, {"spell": "quarterlies", "clearfix": ["n.季刊( quarterly的名词复数 )"]}, {"spell": "quasi-public", "clearfix": ["adj.私营公用事业的"]}, {"spell": "quashes", "clearfix": ["v.拒绝接受( quash的第三人称单数 ); 镇压; 平息; 压服"]}, {"spell": "quartz clock", "clearfix": ["n.石英钟"]}, {"spell": "quashing", "clearfix": ["v.拒绝接受( quash的现在分词 ); 镇压; 平息; 压服"]}, {"spell": "quartos", "clearfix": ["n.四开，四开大的书本( quarto的名词复数 )"]}, {"spell": "quasiparticle", "clearfix": ["n.准粒子"]}, {"spell": "quarterfoil", "clearfix": ["四叶饰"]}, {"spell": "quartern", "clearfix": ["n.四分之一品脱"]}, {"spell": "quasi-judicial", "clearfix": ["adj.准司法性的"]}, {"spell": "quash", "clearfix": ["vt.[法]废除，使无效; 捣碎，压碎; 平息，镇压"]}, {"spell": "quarter-final", "clearfix": ["n.四分之一决赛"]}, {"spell": "quarterbacks", "clearfix": ["n.（美式足球）（指挥进攻的）四分卫，枢纽前卫( quarterback的名词复数 )"]}, {"spell": "quarto", "clearfix": ["n.四开，四开大的书本"]}, {"spell": "quatorzain", "clearfix": ["n.不规则十四行诗，十四行诗"]}, {"spell": "quartet", "clearfix": ["n.四重唱（奏）曲; 四重唱（奏）组; 四件一套"]}, {"spell": "queen consort", "clearfix": ["n.王后"]}, {"spell": "queasily", "clearfix": ["adv.令人恶心地"]}, {"spell": "quaternion", "clearfix": ["n.四个一组，四人一组，四元数"]}, {"spell": "quean", "clearfix": ["n.轻佻的女人，妓女，淫荡的女人"]}, {"spell": "quebracho blanco", "clearfix": ["[医] 白坚木皮"]}, {"spell": "quatrain", "clearfix": ["n.四行诗"]}, {"spell": "quassin", "clearfix": ["苦木素"]}, {"spell": "quaternize", "clearfix": ["v.（使）季铵化"]}, {"spell": "quartering", "clearfix": ["n.四等分，军营或其他住所的分配", "adj.从斜后侧方向吹来的"]}, {"spell": "quattrocento", "clearfix": ["n.十五世纪（欧洲文艺复兴的初期）"]}, {"spell": "quassation", "clearfix": ["n.压碎，破碎"]}, {"spell": "quasar", "clearfix": ["n.[天]类星体; 类星射电源; 恒星状球体"]}, {"spell": "quatorze", "clearfix": ["n.（两人对玩的皮克牌戏）"]}, {"spell": "quasi-legislative", "clearfix": ["adj.准立法性的"]}, {"spell": "quasi-", "clearfix": ["combining form类似; 半；准"]}, {"spell": "quartic equation", "clearfix": ["n.四次方程"]}, {"spell": "quebrada", "clearfix": ["n.山谷小溪，山涧"]}, {"spell": "quarter rest", "clearfix": ["四分休止符"]}, {"spell": "quartered", "clearfix": ["adj.四分的，提供住所的; 方隔墙"]}, {"spell": "quayage", "clearfix": ["n.码头使用费，码头面积"]}, {"spell": "quaternity", "clearfix": ["n.四个一组，四人一组，四位一体"]}, {"spell": "quartzy", "clearfix": ["石英（质）的"]}, {"spell": "quarter-finalist", "clearfix": ["n.进入复赛的人"]}, {"spell": "quasi-sovereign", "clearfix": ["adj.半独立的"]}, {"spell": "quartzose", "clearfix": ["adj.石英的，主要[全部]为石英构成的; 石英质"]}, {"spell": "queen post", "clearfix": ["n.支撑屋顶的内柱，雌柱"]}, {"spell": "quasi", "clearfix": ["adj.类似的，准的"]}, {"spell": "quass", "clearfix": ["n.克瓦斯（一种俄式清凉饮料）"]}, {"spell": "quavery", "clearfix": ["adj.震音的，颤声的"]}, {"spell": "quarterstaff", "clearfix": ["n.铁头木棒（英国旧时的一种武器，长六英尺至八英尺）"]}, {"spell": "quatrefoil", "clearfix": ["n.四瓣花，四叶片的叶子"]}, {"spell": "quatre", "clearfix": ["n.（纸牌、色子等的）四点"]}, {"spell": "quay", "clearfix": ["n.码头，埠头"]}, {"spell": "Quechua", "clearfix": ["n.盖丘亚族（南美印第安人的一大分支）盖丘亚族人（语）"]}, {"spell": "quasi-official", "clearfix": ["adj.半官方的"]}, {"spell": "quartzite", "clearfix": ["n.石英岩，硅岩"]}, {"spell": "quashed", "clearfix": ["v.拒绝接受( quash的过去式和过去分词 ); 镇压; 平息; 压服"]}, {"spell": "quasi-historical", "clearfix": ["adj.带有历史性质的"]}, {"spell": "queen-size", "clearfix": ["adj.大号的"]}, {"spell": "queen ant", "clearfix": ["n.蚁后"]}, {"spell": "quat", "clearfix": ["n.皮疹"]}, {"spell": "queen bee", "clearfix": ["n.蜂王，社交界女王; 雌蜂"]}, {"spell": "quavering", "clearfix": ["adj.震动的，颤抖的", "v.发颤音，（声音或音乐）颤抖( quaver的现在分词 ); 用颤抖的声音说"]}, {"spell": "queenie", "clearfix": ["四角支索帆"]}, {"spell": "queened", "clearfix": ["vt.立…为王后（queen的过去式与过去分词形式）"]}, {"spell": "quarters", "clearfix": ["n.住处，岗位; 人( quarter的名词复数 ); 四分之一; （美式足球的）一节; 方向"]}, {"spell": "queazy", "clearfix": ["adj.不稳的;  动荡不定的;  要呕吐的;  不舒服的"]}, {"spell": "quarts", "clearfix": ["n.夸脱（液体或固体的容积单位）( quart的名词复数 ); 金矿"]}, {"spell": "quartz", "clearfix": ["n.[矿]石英"]}, {"spell": "queening", "clearfix": ["n.立为女王，立为王后"]}, {"spell": "quassia", "clearfix": ["n.苦木科植物，由苦木科植物采取的苦味液，苦木树"]}, {"spell": "queasiness", "clearfix": ["n.恶心"]}, {"spell": "quarterback", "clearfix": ["n.（美式足球）（指挥进攻的）四分卫，枢纽前卫", "vi.（美式足球）打四分卫，担任枢纽前卫", "vt.指挥，组织"]}, {"spell": "quatuor", "clearfix": ["n.四，四倍"]}, {"spell": "quarterly", "clearfix": ["adj.季度的，按季度的; 四分之一", "n.季刊; 季考"]}, {"spell": "quatrains", "clearfix": ["n.四行诗（quatrain的复数形式）"]}, {"spell": "quayside", "clearfix": ["n.码头周围"]}, {"spell": "queen mother", "clearfix": ["n.太后，皇太后，母后"]}, {"spell": "quaternary", "clearfix": ["n.四，四个一组", "adj.第四组中的组成部分，四进制的"]}, {"spell": "quasars", "clearfix": ["n.<天>类星体( quasar的名词复数 )"]}, {"spell": "quavers", "clearfix": ["n.颤音( quaver的名词复数 )"]}, {"spell": "queen size", "clearfix": ["双人床；大号的"]}, {"spell": "quaver", "clearfix": ["vi.颤抖，震动; 发颤音; （声音）发颤", "vt.颤抖着说[唱]; 用颤音演奏", "n.颤音; 颤声; [乐]八分音符"]}, {"spell": "quavered", "clearfix": ["v.发颤音，（声音或音乐）颤抖( quaver的过去式和过去分词 ); 用颤抖的声音说"]}, {"spell": "queasy", "clearfix": ["adj.（指人）想呕吐的; 感到恶心的; 易反胃的; （指良心等）感到不自在的"]}, {"spell": "queen", "clearfix": ["n.女王; 王后; 杰出女性; （纸牌中的）王后， （国际象棋中的）后", "vt.立…为王后（或女王）; 使…成为国王的妻子; [国际象棋]使（兵）成为后"]}, {"spell": "queenly", "clearfix": ["adj.女王的，威严的，慷慨的"]}, {"spell": "quatern", "clearfix": "四元数"}, {"spell": "queerish", "clearfix": ["adj.奇怪的，古怪的"]}, {"spell": "queens", "clearfix": ["n.女王( queen的名词复数 ); 王后; 女人（尤指妇人）; 皇后"]}, {"spell": "queerness", "clearfix": ["n.奇妙，不快"]}, {"spell": "queerer", "clearfix": ["adj.可疑的( queer的比较级 ); （身子）不舒服的; 古怪的; 娘儿们似的"]}, {"spell": "queerly", "clearfix": ["adv.奇妙地，奇怪地"]}, {"spell": "quenelle", "clearfix": ["n.油炸鸡肉或牛肉圆子; 肉丸子"]}, {"spell": "queerest", "clearfix": ["adj.可疑的( queer的最高级 ); （身子）不舒服的; 古怪的; 娘儿们似的"]}, {"spell": "quelling", "clearfix": ["v.（用武力）制止，结束，镇压( quell的现在分词 )"]}, {"spell": "queers", "clearfix": ["n.同性恋者，假娘儿们，赛妖婆( queer的名词复数 )"]}, {"spell": "queller", "clearfix": ["镇压者，平息者"]}, {"spell": "quenches", "clearfix": ["v.解（渴）( quench的第三人称单数 ); 终止（某事物）; （用水）扑灭（火焰等）; 将（热物体）放入水中急速冷却"]}, {"spell": "quenchable", "clearfix": ["adj.可抑制的，可熄灭的"]}, {"spell": "quelea", "clearfix": ["n.红嘴奎利亚雀"]}, {"spell": "quelled", "clearfix": ["v.（用武力）制止，结束，镇压( quell的过去式和过去分词 )"]}, {"spell": "quercine", "clearfix": ["adj.栎树的，栎木制的"]}, {"spell": "queer street", "clearfix": ["<非正>财务困境，背债"]}, {"spell": "quercite", "clearfix": ["[医] 槲皮醇，环己五醇，栎醇"]}, {"spell": "quesadilla", "clearfix": ["n.油炸玉米粉饼（一种墨西哥食品，以干酪等为馅）"]}, {"spell": "quencher", "clearfix": ["n.淬火，骤冷; 猝灭"]}, {"spell": "quells", "clearfix": ["v.（用武力）制止，结束，镇压( quell的第三人称单数 )"]}, {"spell": "quenched", "clearfix": ["v.解（渴）( quench的过去式和过去分词 ); 终止（某事物）; （用水）扑灭（火焰等）; 将（热物体）放入水中急速冷却"]}, {"spell": "querulously", "clearfix": ["adv.抱怨地，易怒地"]}, {"spell": "querimony", "clearfix": ["n.埋怨，怨言"]}, {"spell": "ques", "clearfix": ["[医]探索，寻找"]}, {"spell": "queer", "clearfix": ["adj.古怪的; 异常的; 同性恋的; 娘们似的", "n.同性恋者"]}, {"spell": "quenchless", "clearfix": ["adj.不可熄灭的"]}, {"spell": "quester", "clearfix": ["n.探求者，追求者"]}, {"spell": "quetzal", "clearfix": ["n.绿咬鹃，格查尔（危地马拉货币单位）"]}, {"spell": "queried", "clearfix": ["v.质疑，对…表示疑问( query的过去式和过去分词 ); 询问"]}, {"spell": "question tag", "clearfix": ["n.疑问句尾"]}, {"spell": "querist", "clearfix": ["n.询问者，质问者"]}, {"spell": "questionnaire method", "clearfix": ["问卷法"]}, {"spell": "quezal", "clearfix": ["n.绿咬鹃，格查尔（危地马拉货币单位）"]}, {"spell": "quetiapine", "clearfix": ["[医]喹硫平<抗精神失常药，催眠镇静药>"]}, {"spell": "quibbles", "clearfix": ["n.吹毛求疵的反对意见或批评，遁词，模棱两可的话( quibble的名词复数 )", "v.使用遁词，含糊其辞，吹毛求疵( quibble的第三人称单数 )"]}, {"spell": "quested", "clearfix": ["v.寻找，探索( quest的过去式和过去分词 )"]}, {"spell": "quern", "clearfix": ["n.手推磨"]}, {"spell": "queenlier", "clearfix": "女王号"}, {"spell": "quests", "clearfix": ["v.寻找，探索( quest的第三人称单数 )"]}, {"spell": "queries", "clearfix": ["n.问题( query的名词复数 ); 疑问; 询问; 问号", "v.质疑，对…表示疑问( query的第三人称单数 ); 询问"]}, {"spell": "quercitin", "clearfix": ["槲皮苷"]}, {"spell": "quench", "clearfix": ["vt.解（渴）; 终止（某事物）; （用水）扑灭（火焰等）; 将（热物体）放入水中急速冷却"]}, {"spell": "queue jumper", "clearfix": ["不按次序排队的人"]}, {"spell": "quick assets", "clearfix": ["n.即可兑现的资产"]}, {"spell": "quetzals", "clearfix": ["n.绿咬鹃，格查尔（危地马拉货币单位）( quetzal的名词复数 )"]}, {"spell": "quib", "clearfix": ["n.讥讽，嘲弄"]}, {"spell": "querulous", "clearfix": ["adj.抱怨的，爱发牢骚的; 易怒的; 爱抱怨"]}, {"spell": "questionable", "clearfix": ["adj.可疑的，有疑问的"]}, {"spell": "Quezon", "clearfix": ["City 奎松城（菲律宾吕宋岛西南部城市）"]}, {"spell": "questor", "clearfix": ["n.刑事推事，主管财务官吏"]}, {"spell": "question paper", "clearfix": ["试卷"]}, {"spell": "quibbler", "clearfix": ["n.吹毛求疵的人"]}, {"spell": "queering", "clearfix": "奇怪"}, {"spell": "Quetzalcoatl", "clearfix": ["n.羽蛇神（古代墨西哥阿兹特克人与托尔特克人崇奉的重要神袛）"]}, {"spell": "questing", "clearfix": ["v.寻找，探索( quest的现在分词 )"]}, {"spell": "queueing", "clearfix": ["n.排队技术", "v.（人、车等）排队等候( queue的现在分词 ); （使）排队，列队等待"]}, {"spell": "queuer", "clearfix": ["n.排队者"]}, {"spell": "questioned", "clearfix": ["v.问（某人）问题( question的过去式和过去分词 ); 对（某事物）表示[感到]怀疑"]}, {"spell": "quest", "clearfix": ["n.探索; 追求; 远征; 验尸陪审团", "vt.寻找; 探索", "vi.进行探求; （猎犬等）跟踪搜寻"]}, {"spell": "qui vive", "clearfix": ["n.（口令）谁，哪个"]}, {"spell": "QUI", "clearfix": ["[医]Quantitative Ultrasound Index"]}, {"spell": "queue up", "clearfix": ["v.排队等候"]}, {"spell": "quick dry", "clearfix": ["快干"]}, {"spell": "quenching", "clearfix": ["n.淬火，熄", "v.解（渴）( quench的现在分词 ); 终止（某事物）; （用水）扑灭（火焰等）; 将（热物体）放入水中急速冷却"]}, {"spell": "questionary", "clearfix": ["n.调查表，问卷", "adj.质问的"]}, {"spell": "quell", "clearfix": ["vt.压制，镇压; 减轻; 消除; 使镇定"]}, {"spell": "quibbling", "clearfix": ["n.诡辩，找碴子", "v.使用遁词，含糊其辞，吹毛求疵( quibble的现在分词 )"]}, {"spell": "quibble", "clearfix": ["n.吹毛求疵的反对意见或批评，遁词，模棱两可的话", "vi.使用遁词，含糊其辞，吹毛求疵"]}, {"spell": "queues", "clearfix": ["n.（人或车辆）行列，长队( queue的名词复数 ); （贮存的数据）队列", "v.（人、车等）排队等候( queue的第三人称单数 ); （使）排队，列队等待"]}, {"spell": "quiche", "clearfix": ["n.乳蛋饼"]}, {"spell": "quibbled", "clearfix": ["v.使用遁词，含糊其辞，吹毛求疵( quibble的过去式和过去分词 )"]}, {"spell": "questionaire", "clearfix": "提问者"}, {"spell": "quest for", "clearfix": ["v.追求，探索"]}, {"spell": "quick march", "clearfix": ["n.齐步行进; 齐步走"]}, {"spell": "Quetta", "clearfix": ["基达（巴基斯坦西部城市）"]}, {"spell": "quetzales", "clearfix": ["n.绿咬鹃，格查尔（危地马拉货币单位）( quetzal的名词复数 )"]}, {"spell": "quercitron", "clearfix": ["n.美洲黑栎，美洲黑栎内树皮，栎皮粉"]}, {"spell": "querying", "clearfix": ["v.质疑，对…表示疑问( query的现在分词 ); 询问"]}, {"spell": "queenliest", "clearfix": "最漂亮的"}, {"spell": "quick fix", "clearfix": ["n.速效对策，快速解决问题的办法"]}, {"spell": "queued", "clearfix": ["v.（人、车等）排队等候( queue的过去式和过去分词 ); （使）排队，列队等待"]}, {"spell": "questioner", "clearfix": ["n.发问者，质问者"]}, {"spell": "query", "clearfix": ["n.问题; 疑问; 询问; 问号", "vt.质疑，对…表示疑问", "vi.询问; 表示怀疑"]}, {"spell": "queuing", "clearfix": ["n.排队技术"]}, {"spell": "question mark", "clearfix": ["n.问号"]}, {"spell": "queue", "clearfix": ["n.队伍; 等待的人群; 队列（计算机用语）", "v.排队; 抢着做"]}, {"spell": "questioning", "clearfix": ["adj.怀疑的，探询的", "v.问（某人）问题( question的现在分词 ); 对（某事物）表示[感到]怀疑", "n.提问；询问；盘问"]}, {"spell": "questions", "clearfix": ["n.询问，疑问，问题; 问题( question的名词复数 ); 疑问; 怀疑; 议题", "v.问（某人）问题( question的第三人称单数 ); 对（某事物）表示[感到]怀疑"]}, {"spell": "quick", "clearfix": ["adj.快的，急速的; 聪明的，凌厉的; 灵活的; 短时间做成的", "adv.迅速地，快速地", "n.（指甲下的）活肉; 感情的中枢，感觉最敏锐的地方; 要害，核心"]}, {"spell": "questionnaire", "clearfix": ["n.调查表; 调查问卷"]}, {"spell": "queensize", "clearfix": "大号"}, {"spell": "question", "clearfix": ["n.问题; 议题; 怀疑; 考题", "v.问; 怀疑"]}, {"spell": "quick-change", "clearfix": ["adj.换装迅速的，容易改变主意的"]}, {"spell": "queered", "clearfix": "被嘲笑了"}, {"spell": "questions of common interest;question of common concern", "clearfix": "共同关心的问题；共同关心的问题"}, {"spell": "querier", "clearfix": "抱怨者"}, {"spell": "quick as a flash", "clearfix": "快如闪电"}, {"spell": "quick-freeze", "clearfix": ["vt.使急速冷冻"]}, {"spell": "quick-tempered", "clearfix": ["adj.性急的，易怒的; 火性; 躁"]}, {"spell": "quick-witted", "clearfix": ["adj.富有机智的，机敏的; 乖"]}, {"spell": "quicken up", "clearfix": ["加速"]}, {"spell": "quicksilver", "clearfix": ["adj.<文>变化[移动]极快的，瞬息万变的; 水银"]}, {"spell": "quillet", "clearfix": ["n.托辞，借口，搪塞"]}, {"spell": "quiff", "clearfix": ["n.一缕头发，（尤指）额发"]}, {"spell": "quiddities", "clearfix": ["n.本质( quiddity的名词复数 ); 实质; 遁词; 古怪"]}, {"spell": "quiescency", "clearfix": ["n.静止，沈寂"]}, {"spell": "quincunx", "clearfix": ["n.五点，梅花形，五点梅花形排法; 五点型"]}, {"spell": "quiniela", "clearfix": ["n.头两名博（指赛马、赛狗等中博彩者只需猜中头两名而不论其第一第二次序的赌博法）"]}, {"spell": "quickened", "clearfix": ["v.（使）变快，增速，加快( quicken的过去式和过去分词 ); 苏醒，使有生机"]}, {"spell": "quim", "clearfix": ["n.<英><忌>女性生殖器"]}, {"spell": "quills", "clearfix": ["n.（刺猬或豪猪的）刺( quill的名词复数 ); 羽毛管; <鸟>翮; <纺>纡管"]}, {"spell": "quiescing", "clearfix": ["n.停顿"]}, {"spell": "quickens", "clearfix": ["v.（使）变快，增速，加快( quicken的第三人称单数 ); 苏醒，使有生机"]}, {"spell": "quiescent", "clearfix": ["adj.不活动的，静态的; 休眠的"]}, {"spell": "quiets", "clearfix": ["v.安静下来，使…安静，平静( quiet的第三人称单数 ); 减轻（病痛、疑虑、恐惧等）; [法律]确定（产权等）"]}, {"spell": "quietening", "clearfix": ["v.（使）安静( quieten的现在分词 ); （使）平静; （使）平息; <主文>（使）（感情）减轻"]}, {"spell": "quinella", "clearfix": ["n.赌前两名（只要猜中前两名即中奖）"]}, {"spell": "quinina", "clearfix": ["[医]奎宁，金鸡纳碱"]}, {"spell": "quicken", "clearfix": ["vt.& vi.（使）变快; 增速; 鼓舞; 使复活", "vt.苏醒; 使有生机"]}, {"spell": "quinidine", "clearfix": ["n.奎纳定"]}, {"spell": "quinnat", "clearfix": ["n.大鳞大麻哈鱼"]}, {"spell": "quilts", "clearfix": ["n.被子( quilt的名词复数 )"]}, {"spell": "quillwort", "clearfix": ["n.水韭属"]}, {"spell": "quinoid", "clearfix": ["n.（结构、性质等方面似醌的）醌型化合物"]}, {"spell": "quilter", "clearfix": ["n.缝被子的人，绗缝附件"]}, {"spell": "quickset", "clearfix": ["n.树篱，构成树篱的植物，插条"]}, {"spell": "quindecagon", "clearfix": ["n.十五角（边）形"]}, {"spell": "quiddity", "clearfix": ["n.本质; 实质; 遁词; 古怪"]}, {"spell": "quinia", "clearfix": ["n.奎宁，奎宁化合物（如里硫酸奎宁）"]}, {"spell": "quinone", "clearfix": ["n.醌，苯醌"]}, {"spell": "quietened", "clearfix": ["v.（使）安静( quieten的过去式和过去分词 ); （使）平静; （使）平息; <主文>（使）（感情）减轻"]}, {"spell": "quicky", "clearfix": ["n.草率赶出来的作品，罢工"]}, {"spell": "quietist", "clearfix": ["n.寂静主义者"]}, {"spell": "quiescently", "clearfix": "安静地"}, {"spell": "quickening", "clearfix": ["n.复生; 活泼; 兴奋; 胎动初觉", "v.（使）变快，增速，加快( quicken的现在分词 ); 苏醒，使有生机"]}, {"spell": "quickstep", "clearfix": ["n.快步，快速进行曲，轻快的舞步"]}, {"spell": "quilled", "clearfix": ["adj.有硬毛的，羽毛状的; 褶叠"]}, {"spell": "Quinones", "clearfix": ["n.醌类"]}, {"spell": "quiet down", "clearfix": ["平息下来"]}, {"spell": "quinic", "clearfix": ["adj.奎宁的"]}, {"spell": "quinary", "clearfix": ["adj.五个的，五个一套的; 五进制的", "n.五个一套或一组"]}, {"spell": "quiescence", "clearfix": ["n.静止"]}, {"spell": "quietus", "clearfix": ["n.偿清; 解除; 寂灭; 死"]}, {"spell": "quicksort", "clearfix": ["快速排序"]}, {"spell": "quinin", "clearfix": ["n.奎宁"]}, {"spell": "quietness", "clearfix": ["n.安静; 肃静; 平静; 朴素"]}, {"spell": "quicklime", "clearfix": ["n.生石灰"]}, {"spell": "quinacrine", "clearfix": ["n.奎纳克林，阿的平（一种抗疟药）"]}, {"spell": "quickfire", "clearfix": ["adj.（说话）机关枪似的，连珠炮似的；（行动）一刻不停的，风风火火的"]}, {"spell": "Quincy", "clearfix": ["n.[地名] [美国] 昆西; [男子名] [英格兰人姓氏] 昆西 Quincey的变体"]}, {"spell": "quinine", "clearfix": ["n.奎宁，金鸡纳碱"]}, {"spell": "quids", "clearfix": ["n.<英俚>钱，现金(quid的复数)"]}, {"spell": "quince", "clearfix": ["n.温柏，温柏树"]}, {"spell": "quina", "clearfix": ["n.金鸡纳树皮，奎宁"]}, {"spell": "quietens", "clearfix": ["v.（使）安静( quieten的第三人称单数 ); （使）平静; （使）平息; <主文>（使）（感情）减轻"]}, {"spell": "quietism", "clearfix": ["n.寂静主义，精神的平静"]}, {"spell": "quicker", "clearfix": ["adj.聪明的( quick的比较级 ); 快的; 灵活的; 短时间做成的"]}, {"spell": "quicksand", "clearfix": ["n.流沙，敏捷，危险而捉摸不定的事物; 悬浮体; 流砂"]}, {"spell": "quickie", "clearfix": ["n.<口>迅速做成的事; 匆匆做成的事; （酒的）一饮而尽; 草草完事的性交"]}, {"spell": "quiddle", "clearfix": ["n.爱挑剔的人，批评"]}, {"spell": "quincuncial", "clearfix": ["adj.五点梅花状排列"]}, {"spell": "quetch", "clearfix": "奎奇"}, {"spell": "Quinquagesima", "clearfix": ["n.四旬斋前的星期日"]}, {"spell": "quinquennial", "clearfix": ["n.每五年发生一次的事件", "adj.每五年的，每隔五年发生一次的"]}, {"spell": "quiesce", "clearfix": ["v.静默，沉寂"]}, {"spell": "quidnunc", "clearfix": ["n.喜欢探听的人，爱说长道短的人"]}, {"spell": "quick wit", "clearfix": "机智敏捷"}, {"spell": "quilting", "clearfix": ["n.缝被子，被上缝花纹的缝法; 抗冰层"]}, {"spell": "quinate", "clearfix": ["n.奎尼酸", "adj.具有五小叶的，由五枚小叶片组成的"]}, {"spell": "quinol", "clearfix": ["n.对苯二酚"]}, {"spell": "quieten", "clearfix": ["vt.& vi.（使）安静; （使）平静; （使）平息; <主文>（使）（感情）减轻"]}, {"spell": "quid pro quo", "clearfix": ["n.抵偿物; 补偿物; 相等物; 代用品"]}, {"spell": "quincentennial", "clearfix": ["adj.第五百年的，五百年的"]}, {"spell": "quinoa", "clearfix": ["n.奎奴亚藜（产于安第斯山脉地区，印第安人种植，食用其粟）"]}, {"spell": "quinquangular", "clearfix": ["adj.有五角的"]}, {"spell": "quietive", "clearfix": ["n.镇静剂，止痛药", "adj.趋于寂静的"]}, {"spell": "quilted", "clearfix": ["adj.中间夹有轻软之物的; 棉"]}, {"spell": "querulousness", "clearfix": "奇怪"}, {"spell": "quickener", "clearfix": "加速器"}, {"spell": "quietly", "clearfix": ["adv.平静地; 静止地; 轻声地; 在暗中"]}, {"spell": "quieter", "clearfix": ["n.防音装置，内燃机的消音装置，消声器", "adj.清静的( quiet的比较级 ); 僻静的; 不起眼的; 不激动的"]}, {"spell": "quieted", "clearfix": ["v.安静下来，使…安静，平静( quiet的过去式和过去分词 ); 减轻（病痛、疑虑、恐惧等）; [法律]确定（产权等）"]}, {"spell": "quid", "clearfix": ["n.一英镑，一磅金币; （咀嚼用的）一块，咀嚼物; 抵偿物，交换物"]}, {"spell": "quinquefid", "clearfix": ["adj.分成五部分的，分裂开成五小叶的"]}, {"spell": "quilling", "clearfix": ["n.做成羽状褶裥，用羽状褶裥装饰的缎带; 卷纬; 络纬"]}, {"spell": "quill", "clearfix": ["n.（刺猬或豪猪的）刺; 羽毛管; <鸟>翮; <纺>纡管"]}, {"spell": "quilt", "clearfix": ["n.被子，棉被; 被状物", "v.缝（被）; 用垫料填塞后缝拢; 东拼西凑地做; 用摘抄等方法编辑", "vt.东拼西凑地编; 加软衬料后缝制", "vi.缝被子"]}, {"spell": "quietest", "clearfix": ["adj.清静的( quiet的最高级 ); 僻静的; 不起眼的; 不激动的"]}, {"spell": "quieting", "clearfix": ["n.镇静，脱氧", "v.安静下来，使…安静，平静( quiet的现在分词 ); 减轻（病痛、疑虑、恐惧等）; [法律]确定（产权等）"]}, {"spell": "quillai", "clearfix": "奎莱"}, {"spell": "quietude", "clearfix": ["n.平静，寂静"]}, {"spell": "quin", "clearfix": ["n.<口>五个一组，五件一套"]}, {"spell": "quickest", "clearfix": ["adj.聪明的( quick的最高级 ); 快的; 灵活的; 短时间做成的"]}, {"spell": "quinoline", "clearfix": ["n.喹啉，喹啉衍生物"]}, {"spell": "quickness", "clearfix": ["n.急速，迅速地，尖锐化"]}, {"spell": "quickly", "clearfix": ["adv.迅速地; 立即，马上"]}, {"spell": "quiet", "clearfix": ["adj.清静的; 僻静的; 不起眼的; 不激动的", "vt.& vi.安静下来，使…安静，平静", "vt.减轻（病痛、疑虑、恐惧等）; [法律]确定（产权等）", "prep.克制的，稳重的，不张扬的", "n.宁静; 寂静", "adv.安静地，平静地"]}, {"spell": "quinquennium", "clearfix": ["n.五年期间"]}, {"spell": "quinquepartite", "clearfix": ["adj.分成五部的，由五部构成的"]}, {"spell": "quick-thinking", "clearfix": "快速思考"}, {"spell": "quinquereme", "clearfix": ["n.五段帆船"]}, {"spell": "quintile", "clearfix": ["n.五分之一对座; （美）学段，五分之一学年"]}, {"spell": "quintessential", "clearfix": ["adj.精髓的; 典型的"]}, {"spell": "quipping", "clearfix": ["v.说俏皮话，说妙语( quip的现在分词 )"]}, {"spell": "quintic", "clearfix": ["adj.五次的", "n.五次量，方次方程（多项式）"]}, {"spell": "quintupling", "clearfix": ["n.（成）五倍", "v.使成五倍( quintuple的现在分词 )"]}, {"spell": "quinsy", "clearfix": ["n.扁桃腺炎，咽门炎"]}, {"spell": "quintuplets", "clearfix": ["n.五个一组，五件一套( quintuplet的名词复数 )"]}, {"spell": "quintain", "clearfix": ["n.枪靶，刺枪靶"]}, {"spell": "quinte", "clearfix": ["n.击剑中第五种（防御）姿势"]}, {"spell": "quintan", "clearfix": ["n.五日热", "adj.每隔五天发作的"]}, {"spell": "quipu", "clearfix": ["n.古秘鲁人的结绳文字"]}, {"spell": "quinquevalent", "clearfix": ["adj.有五种不同原子价的，五价的"]}, {"spell": "quips", "clearfix": ["n.（即兴的）俏皮话，妙语( quip的名词复数 )", "v.说俏皮话，说妙语( quip的第三人称单数 )"]}, {"spell": "quintette", "clearfix": ["n.五重奏[曲，唱]"]}, {"spell": "quintal", "clearfix": ["n.公担（公制重量单位，=100公斤）"]}, {"spell": "quintillionth", "clearfix": ["n.（英、德）第十的三十幂，十的三十幂分之一，（美法）第十的十八次幂分之一"]}, {"spell": "quintuples", "clearfix": ["v.使成五倍( quintuple的第三人称单数 )"]}, {"spell": "quintet", "clearfix": ["n.五重奏（曲）; 五重奏小组; 五个一组; 五件一套"]}, {"spell": "quintupled", "clearfix": ["adj.[医]五倍的", "v.使成五倍( quintuple的过去式和过去分词 )"]}, {"spell": "quints", "clearfix": ["n.<美>五个一组，五件一套"]}, {"spell": "quintuplicate", "clearfix": ["adj.五倍的; 五重的", "n.一式五份中的一份; 五份复写文件之一", "vt.把…制五份复印本"]}, {"spell": "quitch", "clearfix": ["n.茅草类植物"]}, {"spell": "quitclaim deed", "clearfix": ["n.产权转让契约"]}, {"spell": "quintics", "clearfix": ["五次曲线"]}, {"spell": "quiz game", "clearfix": ["n.答问比赛; 猜谜游戏"]}, {"spell": "quirt", "clearfix": ["n.皮条编制的马鞭"]}, {"spell": "quinze", "clearfix": ["n.十五点"]}, {"spell": "quiverful", "clearfix": ["n.装满箭筒，众多"]}, {"spell": "quite the contrary", "clearfix": ["adv.正相反"]}, {"spell": "quitclaim", "clearfix": ["n.放弃权利", "vt.放弃合法权利"]}, {"spell": "quintuplet", "clearfix": ["n.五个一组，五件一套"]}, {"spell": "quisle", "clearfix": ["vi.卖国，叛国"]}, {"spell": "quist", "clearfix": ["n.<英方>林鸽"]}, {"spell": "quintessence", "clearfix": ["n.典范; 完美典型; 精华; 精髓"]}, {"spell": "quizmaster", "clearfix": ["n.主持测验的人"]}, {"spell": "quitclaimed", "clearfix": ["v.放弃合法权利( quitclaim的过去式和过去分词 )"]}, {"spell": "quisling", "clearfix": ["n.卖国贼，内奸"]}, {"spell": "quirk", "clearfix": ["n.奇事，巧合; 怪癖; 突然的弯曲"]}, {"spell": "quixotry", "clearfix": ["n.唐吉诃德式性格[行为]，不切实际的思想或性格"]}, {"spell": "quod", "clearfix": ["n.监狱"]}, {"spell": "quip", "clearfix": ["n.俏皮话，妙语; 嘲弄，讥讽; 双关语", "vi.说俏皮话; 嘲弄，讥讽; 托辞"]}, {"spell": "quipped", "clearfix": ["v.说俏皮话，说妙语( quip的过去式和过去分词 )"]}, {"spell": "quohog", "clearfix": ["n.圆蛤类（产于北美）"]}, {"spell": "quoining", "clearfix": ["v.夹紧( quoin的现在分词 )"]}, {"spell": "quitted", "clearfix": ["v.从（某处）离开，离去( quit的过去式和过去分词 ); 停止; 戒掉; 离任"]}, {"spell": "quittor", "clearfix": ["n.马蹄疽，化脓性蹄软骨炎"]}, {"spell": "quitting time", "clearfix": "退出时间"}, {"spell": "quizzes", "clearfix": ["n.问答比赛（游戏）( quiz的名词复数 ); <尤美>小测验"]}, {"spell": "quire", "clearfix": ["n.一刀（纸数量），（装订时的）一折"]}, {"spell": "quoins", "clearfix": ["v.夹紧( quoin的第三人称单数 )"]}, {"spell": "quoined", "clearfix": ["v.夹紧( quoin的过去式和过去分词 )"]}, {"spell": "quirkily", "clearfix": ["adv.诡诈地，离奇地"]}, {"spell": "quit smoking", "clearfix": ["戒烟"]}, {"spell": "quite a few", "clearfix": ["相当多"]}, {"spell": "quodlibet", "clearfix": ["n.神学上的论争，杂乱的混成曲"]}, {"spell": "quint", "clearfix": ["n.五度音，五胞胎"]}, {"spell": "quixotism", "clearfix": ["n.唐吉诃德式性格[行为]，不切实际的思想或性格"]}, {"spell": "quoin", "clearfix": ["n.外角; 榫子; 突角; 隅石", "vt.夹紧"]}, {"spell": "quizee", "clearfix": ["n.被测验者; 参加问答比赛者"]}, {"spell": "quivery", "clearfix": ["adj.颤抖的，震动的"]}, {"spell": "Quixote", "clearfix": ["n.堂吉诃德（西班牙作家塞万提斯所著<堂吉诃德>中的主人公）"]}, {"spell": "quizzing", "clearfix": ["vt.盘问（quiz的现在分词形式）"]}, {"spell": "Quito", "clearfix": ["n.基多（厄瓜多尔首都）"]}, {"spell": "quintuple", "clearfix": ["adj.五的，五倍的，五部分组成的", "vt.使成五倍"]}, {"spell": "quintar", "clearfix": ["n.金塔（阿尔巴尼亚货币单位）"]}, {"spell": "quit rate", "clearfix": ["[经] 辞工率"]}, {"spell": "quitting", "clearfix": ["v.离开（quit的现在分词形式）; 放弃; 停止"]}, {"spell": "quod vide", "clearfix": ["<拉>参见…（略作q.v.）"]}, {"spell": "quirky", "clearfix": ["adj.诡诈的，离奇的"]}, {"spell": "quite other", "clearfix": ["完全不同的"]}, {"spell": "quite a number of", "clearfix": ["adj.相当多的"]}, {"spell": "quivering", "clearfix": ["adj.颤抖的", "v.微颤，抖动( quiver的现在分词 ); 使震动"]}, {"spell": "quo", "clearfix": ["维持现状"]}, {"spell": "quislingism", "clearfix": ["n.卖国，叛国，投敌"]}, {"spell": "quintillion", "clearfix": ["n.（美、法）百万的三次方，（英、德）百万的五次方"]}, {"spell": "quitrent", "clearfix": ["n.免役税"]}, {"spell": "quod erat demonstrandum", "clearfix": ["adj.要说明或证明的; 证明完"]}, {"spell": "quixotic", "clearfix": ["adj.堂吉诃德式的，愚侠的，不切实际的"]}, {"spell": "quixotically", "clearfix": ["adv.唐吉诃德式地"]}, {"spell": "quittance", "clearfix": ["n.免除; 解除; 赦免; 赔偿"]}, {"spell": "quivers", "clearfix": ["v.微颤，抖动( quiver的第三人称单数 ); 使震动"]}, {"spell": "quivered", "clearfix": ["v.微颤，抖动( quiver的过去式和过去分词 ); 使震动"]}, {"spell": "quiz show", "clearfix": ["智力竞赛节目"]}, {"spell": "quipster", "clearfix": ["n.喜爱用妙语者，说讽刺话者"]}, {"spell": "quizzer", "clearfix": ["n.提问者，测验节目"]}, {"spell": "quite often", "clearfix": ["很频繁", "经常"]}, {"spell": "quitter", "clearfix": ["n.<贬>有始无终的人，虎头蛇尾的人，半途而废者"]}, {"spell": "quizzical", "clearfix": ["adj.疑问的，戏弄的"]}, {"spell": "quite a bit of", "clearfix": ["相当多（不可数）"]}, {"spell": "quizzed", "clearfix": ["vt.盘问（quiz的过去式与过去分词形式）"]}, {"spell": "quits", "clearfix": ["adj.互不欠债的，抵消的", "v.从（某处）离开，离去( quit的第三人称单数 ); 停止; 戒掉; 离任"]}, {"spell": "quite", "clearfix": ["adv.很，相当; 非常; 的确; 确实如此"]}, {"spell": "quizzically", "clearfix": ["adv.疑问地，戏弄地"]}, {"spell": "quiver", "clearfix": ["vt.& vi.微颤，抖动", "vt.使震动", "n.抖动; 颤音; 箭筒"]}, {"spell": "quiz", "clearfix": ["n.知识竞赛; 小测验", "v.询问，盘问"]}, {"spell": "quit", "clearfix": ["v.离开; 放弃，离任; 停止，戒掉; 退出（程序）"]}, {"spell": "quoit", "clearfix": ["n.金属环，铁环，绳圈"]}, {"spell": "quoits", "clearfix": ["n.投环; 金属环，铁环，绳圈( quoit的名词复数 )"]}, {"spell": "quokka", "clearfix": ["n.（产于澳大利亚的）短尾矮袋鼠"]}, {"spell": "quot", "clearfix": ["[医]开价，报价，开价价单"]}, {"spell": "quondam", "clearfix": ["adj.原来的，以前的"]}, {"spell": "quotability", "clearfix": ["n.引用价值; 可被引用"]}, {"spell": "quonset hut", "clearfix": ["n.半圆拱形活动房屋"]}, {"spell": "quotable", "clearfix": ["adj.值得引用的"]}, {"spell": "quomodo", "clearfix": ["n.方式，方法，手段"]}, {"spell": "quotas", "clearfix": ["n.（正式限定的）定量( quota的名词复数 ); 定额; 指标; 摊派"]}, {"spell": "quotations", "clearfix": ["n.引用( quotation的名词复数 ); [商业]行情（报告）; （货物或股票的）市价; 时价"]}, {"spell": "quotes", "clearfix": ["v.引用，援引（ quote的第三人称单数 ）; 报价; 引述; 为（股票、黄金或外汇）报价", "n.引用；引号；报价（quote的复数）"]}, {"spell": "quoter", "clearfix": ["n.引用者，估价者"]}, {"spell": "quotha", "clearfix": ["int.<古>确实！真的！（讽刺、惊讶或轻蔑用语）"]}, {"spell": "qursh", "clearfix": ["n.库什（沙特阿拉伯辅币名）"]}, {"spell": "quoteprice", "clearfix": ["牌价，报价"]}, {"spell": "quoting", "clearfix": ["v.引用，援引( quote的现在分词 ); 报价; 引述; 为（股票、黄金或外汇）报价"]}, {"spell": "quoth", "clearfix": ["v.<古>说（用在第一与第三人称的过去式）"]}, {"spell": "quotidian", "clearfix": ["adj.每日的; 每日发生的; 平凡的; 普通的"]}, {"spell": "quotation mark", "clearfix": ["n.引号"]}, {"spell": "qwerty", "clearfix": ["adj.与英文打字机键盘一样的"]}, {"spell": "quotient", "clearfix": ["n.商，商数"]}, {"spell": "quoted", "clearfix": ["v.引用，援引( quote的过去式和过去分词 ); 报价; 引述; 为（股票、黄金或外汇）报价"]}, {"spell": "quotation sheet", "clearfix": ["[法]报价单"]}, {"spell": "quotation", "clearfix": ["n.引用，引证; [商业]行情，行市; 行市表，估价单; 引用语"]}, {"spell": "qurush", "clearfix": ["n.库升（沙特阿拉伯的货币单位）"]}, {"spell": "quota", "clearfix": ["n.（正式限定的）定量，定额; 配额; 指标"]}, {"spell": "quotation marks", "clearfix": ["n.引号; 引号( quotation mark的名词复数 )"]}, {"spell": "quotably", "clearfix": "值得称赞的"}, {"spell": "quorum", "clearfix": ["n.法定人数"]}, {"spell": "quote", "clearfix": ["vt.& vi.引述，引用", "vt.报价; 引述", "vi.引用", "n.引用; 报价; 引号"]}, {"spell": "quit on", "clearfix": "别干了"}, {"spell": "quoll", "clearfix": "膨胀"}, {"spell": "quite a bit", "clearfix": ["adv.相当多"]}]