[{"spell": "X-linked recessive", "clearfix": ["X连锁隐性"]}, {"spell": "X chromosome", "clearfix": ["n.X染色体（性染色体的一种）"]}, {"spell": "X-ray", "clearfix": ["n.X射线; X光（片）", "v.给…拍X光片; 对…进行X光检查"]}, {"spell": "XA", "clearfix": ["abbr.Auxiliary Amplifier 辅助放大器"]}, {"spell": "XOR", "clearfix": ["abbr.Exclusive OR “异”或（逻辑运算）"]}, {"spell": "XL", "clearfix": ["abbr.extra large 特大号"]}, {"spell": "Xanthian", "clearfix": ["adj.赞西亚的（土耳其西南部一城市）"]}, {"spell": "XMP", "clearfix": ["abbr.xanthosine monophosphate 黄苷酸; 黄苷一磷酸"]}, {"spell": "XCG", "clearfix": ["abbr.experimental cargo glider (naval symbol) 实验运载滑翔机（海军符号）（代号）"]}, {"spell": "Xanadu", "clearfix": ["n.华厦，行宫，世外桃源"]}, {"spell": "XXIX", "clearfix": ["num.罗马数字 29"]}, {"spell": "XGA", "clearfix": ["扩展视频图形适配器"]}, {"spell": "XMM", "clearfix": ["延伸存储器管理程序"]}, {"spell": "XPM", "clearfix": ["(X-Windows Pixelmaps)彩色图象文件格式。"]}, {"spell": "XING", "clearfix": ["abbr.crossing 横越，交叉道口（高速公路或铁路）（代号）; Crossing 交叉路口（街道标志缩写）"]}, {"spell": "XTI", "clearfix": ["abbr.crosstalk input 串音输入（代号）; crosstell input 对话输入（代号）; X/Open transmission interface X/Open 传输接口"]}, {"spell": "Xe", "clearfix": ["n.氙"]}, {"spell": "XMS", "clearfix": ["延伸存储器规格"]}, {"spell": "X-rated", "clearfix": ["（青少年禁看的）X级片"]}, {"spell": "XTRAN", "clearfix": ["abbr.experimental transmission 实验传输（代号）"]}, {"spell": "XS", "clearfix": ["<服装>特小号"]}, {"spell": "Xenia", "clearfix": ["n.齐妮亚（亦作Zenia）(f.) 种子直感异粉性"]}, {"spell": "XIE", "clearfix": ["abbr.X image extension X图像扩充"]}, {"spell": "Xylocaine", "clearfix": ["n.赛罗卡因，利多卡因，木卡因"]}, {"spell": "Xanax", "clearfix": ["[医]阿普唑仓，三唑安定制剂的商品名"]}, {"spell": "XPL", "clearfix": ["[计] XPL语言"]}, {"spell": "X", "clearfix": ["n.英语字母表的第24个字母; （用于度量单位间）表示“乘以”"]}, {"spell": "Xanthates", "clearfix": ["[医]黄原酸盐"]}, {"spell": "xenix", "clearfix": ["微软开发的用于PC机的UNIX操作系统"]}, {"spell": "XD", "clearfix": ["abbr.ex-dividend 无股息; 无红利"]}, {"spell": "Xhosa", "clearfix": ["n.科萨人; 科萨人使用的班图语", "adj.科萨人的，科萨语的"]}, {"spell": "xanthic", "clearfix": ["adj.黄色的，带黄色的，黄嘌呤的"]}, {"spell": "xenogamy", "clearfix": ["n.异花受粉; 异花异株受精"]}, {"spell": "Xma", "clearfix": ["[医][=chiasma]交叉"]}, {"spell": "xenial", "clearfix": ["adj.异花受粉的"]}, {"spell": "x squared", "clearfix": ["某数的平方"]}, {"spell": "Xeres", "clearfix": ["n.为Jerez的旧称"]}, {"spell": "x-coordinate", "clearfix": ["n.横坐标，x坐标"]}, {"spell": "xenon", "clearfix": ["n.<化>氙"]}, {"spell": "xebec", "clearfix": ["n.小型三桅船"]}, {"spell": "X-linked", "clearfix": ["[医]伴性的，伴X染色体的，性连锁的"]}, {"spell": "Xmas", "clearfix": ["n.<口>圣诞节"]}, {"spell": "xanthochroid", "clearfix": ["n.发肤颜色甚浅的人"]}, {"spell": "xenocryst", "clearfix": ["n.捕获晶"]}, {"spell": "Xinli", "clearfix": "新利"}, {"spell": "xanthine", "clearfix": ["n.黄嘌呤"]}, {"spell": "Xerox", "clearfix": ["vt.& vi.复印，影印"]}, {"spell": "xanthophore", "clearfix": ["n.黄色素细胞"]}, {"spell": "xanthin", "clearfix": ["n.叶黄素，茜草黄质; 花黄素"]}, {"spell": "Xen", "clearfix": ["abbr.Xenia 种子直感，异粉性; Xenos （希腊语）陌生（的）"]}, {"spell": "Xanthoxylum", "clearfix": ["n.秦椒属植物"]}, {"spell": "XO", "clearfix": ["abbr.extra old （白兰地规格，藏窖年份40-75年）; extra old （白兰地规格，藏窖年份40-75年）"]}, {"spell": "xanthous", "clearfix": ["adj.黄色的，黄色人种的"]}, {"spell": "xeme", "clearfix": ["n.北极鸥"]}, {"spell": "xenium", "clearfix": ["n.赠与宾客的礼物"]}, {"spell": "XV", "clearfix": ["n.罗马数字的十五，十五人组成的球队"]}, {"spell": "xanthelasma", "clearfix": ["n.黄斑瘤"]}, {"spell": "xanthomatosis", "clearfix": ["n.黄瘤症"]}, {"spell": "xc", "clearfix": ["abbr.cross-country 横穿全国的; 越野的（代号）; ex coupon 无利券; X-chromosomeX 染色体（性染色体的一种，与Y染色体相配）"]}, {"spell": "xanthein", "clearfix": ["n.黄色色素，花黄素"]}, {"spell": "XML", "clearfix": ["abbr.Extensible Markup Language 可扩展标记语言"]}, {"spell": "xeno-", "clearfix": ["pref.表示“陌生人”，“外国人”，“外来的”"]}, {"spell": "xenobiology", "clearfix": ["n.外（层）空（间）生物学，宇宙生物学"]}, {"spell": "xanthochroi", "clearfix": ["n.金发白种人"]}, {"spell": "Xeon", "clearfix": ["n.INTEL 至强处理器系列"]}, {"spell": "xeloda", "clearfix": ["[医]希罗达，卡培他滨，氟嘧啶氨基甲酸酯（抗肿瘤药）"]}, {"spell": "xanthoconite", "clearfix": ["n.黄砷硫银矿"]}, {"spell": "xanthene", "clearfix": ["n.（夹）氧杂蒽"]}, {"spell": "xenodochium", "clearfix": ["n.（中世纪时收容香客，异乡人，病人的）救济院"]}, {"spell": "XT", "clearfix": ["abbr.Cross Talk 串音"]}, {"spell": "xanthoma", "clearfix": ["n.黄瘤"]}, {"spell": "xanthophyl", "clearfix": ["n.黄色色素，叶黄质"]}, {"spell": "xenodiagnosis", "clearfix": ["n.病煤接种诊断法"]}, {"spell": "xanthophyll", "clearfix": ["n.叶黄素，胡萝卜醇"]}, {"spell": "xanthone", "clearfix": ["n.一种化学原料（为杀虫剂及合成染料）"]}, {"spell": "xanthopsia", "clearfix": ["n.黄视症（视物皆为黄色的病症）"]}, {"spell": "Xanthippe", "clearfix": ["n.粘西比（苏格拉底之妻），悍妇，泼妇"]}, {"spell": "xantho-", "clearfix": ["pref.表示“黄色”之义"]}, {"spell": "X-certificate", "clearfix": ["n.X级（成人级）"]}, {"spell": "xanthomata", "clearfix": ["n.黄瘤( xanthoma的名词复数 )"]}, {"spell": "xanthochromic", "clearfix": ["[医] 黄变的，黄色的"]}, {"spell": "xanthomas", "clearfix": ["[医]黄瘤"]}, {"spell": "xanthones", "clearfix": ["山酮; 氧杂蒽酮"]}, {"spell": "X ray", "clearfix": ["n.X光; X射线"]}, {"spell": "x-axis", "clearfix": ["n.X轴"]}, {"spell": "xanthate", "clearfix": ["n.黄酸盐; 黄药"]}, {"spell": "xenocurrency", "clearfix": ["n.（在原发行国域外流通的）国外货币"]}, {"spell": "Xlib", "clearfix": ["abbr.X library X库"]}, {"spell": "Xchromosome", "clearfix": "X染色体"}, {"spell": "xanthines", "clearfix": "黄嘌呤"}, {"spell": "Xuanwu", "clearfix": "宣武"}, {"spell": "Xerus", "clearfix": ["[医]干毛地松鼠"]}, {"spell": "Xinhua News Agency", "clearfix": ["n.新华社"]}, {"spell": "Xavier", "clearfix": ["n.泽维尔(m.)", "[男子名] 泽维尔来源于阿拉伯语的西班牙语形式，含义是“光辉的”(splendid)"]}, {"spell": "x-height", "clearfix": ["n.X坐标"]}, {"spell": "Xray", "clearfix": ["n.X光照片", "v.照X光"]}, {"spell": "xenogenesis", "clearfix": ["n.自然发生，世代交替"]}, {"spell": "xenoglossia", "clearfix": ["n.（自称具有的）讲陌生语言的能力"]}, {"spell": "xenogeny", "clearfix": ["n.自然发生，世代交替"]}, {"spell": "xenograft", "clearfix": ["n.异种移植物"]}, {"spell": "xenophobic", "clearfix": ["adj.恐惧（或憎恨）外国人的，恐外的"]}, {"spell": "xenon flash lamp", "clearfix": ["氙气闪光灯"]}, {"spell": "xenophobe", "clearfix": ["n.仇外，惧外者"]}, {"spell": "xero-", "clearfix": ["pref.表示“干燥”之义"]}, {"spell": "Xenopus", "clearfix": ["[医] 非洲蟾蜍属"]}, {"spell": "xer", "clearfix": ["abbr.Xerox reproduction 静电印刷复制品"]}, {"spell": "xeric", "clearfix": ["adj.环境干燥的，适于干燥环境的"]}, {"spell": "xenomania", "clearfix": ["n.外国迷，外国狂"]}, {"spell": "xerophilous", "clearfix": ["adj.好干燥的，生于热带干燥地的"]}, {"spell": "xenon lamp", "clearfix": ["氙气灯，氙气管; 氙灯"]}, {"spell": "xenophobia", "clearfix": ["n.对外国人的憎恶[恐惧]"]}, {"spell": "xenyl", "clearfix": ["联苯基"]}, {"spell": "xerocopy", "clearfix": ["n.（静电）复印件"]}, {"spell": "xerographic", "clearfix": ["adj.静电印刷术的"]}, {"spell": "xeroderma", "clearfix": ["n.皮肤干燥症，干皮病"]}, {"spell": "xerophytic", "clearfix": ["旱生性的"]}, {"spell": "xenon", "clearfix": ["n.<化>氙"]}, {"spell": "xeroderma pigmentosum", "clearfix": ["着色性干皮病"]}, {"spell": "xerography", "clearfix": ["n.静电复印术"]}, {"spell": "xerophyte", "clearfix": ["n.旱生植物"]}, {"spell": "xenolith", "clearfix": ["n.捕虏体，捕虏岩（指火成岩中与其无成因关系的包体）"]}, {"spell": "xerarch", "clearfix": ["adj.在干旱地发展的"]}, {"spell": "xis", "clearfix": ["abbr.xenon infrared searchlight 氙红外探照灯"]}, {"spell": "xerodermia", "clearfix": ["n.皮肤干燥症，干皮病"]}, {"spell": "xenophile", "clearfix": ["n.喜爱外国人及其文物者，亲外者"]}, {"spell": "XXV", "clearfix": ["num.罗马数字 25"]}, {"spell": "XII", "clearfix": ["num.罗马数字 12"]}, {"spell": "xerophagy", "clearfix": ["n.（东派教会尊奉的）严斋; 干食"]}, {"spell": "xref", "clearfix": ["abbr.cross-reference 前后参照，前后对照，交叉引用（代号）"]}, {"spell": "xerophthalmia", "clearfix": ["n.眼球干燥症; 目干涩"]}, {"spell": "xiphoid process", "clearfix": ["剑突，鸠尾"]}, {"spell": "XXI", "clearfix": ["num.罗马数字 21"]}, {"spell": "xylocarp", "clearfix": ["n.硬木质果，硬木质果树"]}, {"spell": "Xiphias", "clearfix": ["n.旗鱼属，剑座"]}, {"spell": "xerostomia", "clearfix": ["n.口腔干燥"]}, {"spell": "xylogen", "clearfix": ["n.木质素，木纤维"]}, {"spell": "xi", "clearfix": ["n.希腊字母的第14个字母"]}, {"spell": "xyloid", "clearfix": ["adj.木质的，似木质的; 木本"]}, {"spell": "xeroma", "clearfix": ["n.干性眼炎，干眼病"]}, {"spell": "xylotomous", "clearfix": ["adj.有蚀木能力的"]}, {"spell": "XSLT", "clearfix": ["abbr.extensible stylesheet language transformation 可扩展样式表语言变换（代号）"]}, {"spell": "xiphiplastron", "clearfix": ["n.剑腹甲"]}, {"spell": "xon", "clearfix": ["发送朴通"]}, {"spell": "xylophagous", "clearfix": ["adj.蚀木的，蚀木穿孔的"]}, {"spell": "xp", "clearfix": ["abbr.express paid 加快费已付（代号）; xeroderma pigmentosum 着色性干皮病"]}, {"spell": "xiphoid", "clearfix": ["n.剑状软骨，剑状突起", "adj.剑状的"]}, {"spell": "xylenes", "clearfix": ["n.[有化] 二甲苯（xylene的复数形式）"]}, {"spell": "xylograph", "clearfix": ["n.木版印画; 木刻"]}, {"spell": "xiphisternum", "clearfix": ["n.剑胸骨"]}, {"spell": "xerox subsidy", "clearfix": "施乐补贴"}, {"spell": "xu", "clearfix": ["n.苏（越南的辅币单位，相当于1/100盾）"]}, {"spell": "xerosis", "clearfix": ["n.干燥病"]}, {"spell": "XIX", "clearfix": ["num.罗马数字 19"]}, {"spell": "xylan", "clearfix": ["n.木聚糖; 多木糖; 聚木糖"]}, {"spell": "xylenol", "clearfix": ["n.二甲苯酚"]}, {"spell": "xerosere", "clearfix": ["n.旱生演替系列"]}, {"spell": "xylotomy", "clearfix": ["n.木材解剖术"]}, {"spell": "Xingu", "clearfix": ["n.兴谷河（巴西中北部一河流）"]}, {"spell": "xxvi", "clearfix": "二十六"}, {"spell": "xylo-", "clearfix": ["pref.表示“木”之义"]}, {"spell": "xx", "clearfix": ["abbr.without securities or warrants 无权或无保障（代号）"]}, {"spell": "xylidine", "clearfix": ["n.二甲代苯胺"]}, {"spell": "xerotic", "clearfix": ["adj.干燥病的，有干燥特征的"]}, {"spell": "xylol", "clearfix": ["n.二甲苯"]}, {"spell": "xylophonist", "clearfix": ["n.木琴演奏家"]}, {"spell": "XVI", "clearfix": ["num.罗马数字 16"]}, {"spell": "XXX", "clearfix": ["num.（青少年禁看的）X级片或内容; 罗马数字30"]}, {"spell": "xylophone", "clearfix": ["n.木琴"]}, {"spell": "xylophilous", "clearfix": ["adj.喜木的，适木的，木生的"]}, {"spell": "XXII", "clearfix": ["num.罗马数字 22"]}, {"spell": "xyloidin", "clearfix": ["[医] 木炸药，赛劳丁硝化淀粉（一种炸药）"]}, {"spell": "xylography", "clearfix": ["n.木版术，木版印刷法"]}, {"spell": "xylem", "clearfix": ["n.木质部"]}, {"spell": "xoff", "clearfix": ["发送葡开"]}, {"spell": "xylene", "clearfix": ["n.二甲苯"]}, {"spell": "xylose", "clearfix": ["n.木糖，戊醛糖"]}, {"spell": "xxviii", "clearfix": "xxviii的"}, {"spell": "xylomelum", "clearfix": "木质部"}, {"spell": "xsl", "clearfix": ["abbr.extensible stylesheet language 可扩展样[格]式表语言（代号）"]}, {"spell": "XVII", "clearfix": ["num.罗马数字 17"]}, {"spell": "XIII", "clearfix": ["num.罗马数字 13"]}, {"spell": "xylo", "clearfix": ["n.利多卡因、硫双二氯酚、维生素D2复合制剂（消炎、镇痛外用药）"]}, {"spell": "XVIII", "clearfix": ["num.罗马数字 18"]}, {"spell": "xylology", "clearfix": ["n.树木构造学"]}, {"spell": "xylic", "clearfix": ["adj.木质部的； 二甲苯甲酸的"]}, {"spell": "Xiamen", "clearfix": ["厦门（福建省）（旧译Amoy）"]}, {"spell": "xerophyllum", "clearfix": "化学硫丹"}, {"spell": "XIV", "clearfix": ["num.罗马数字 14"]}, {"spell": "xylulose-5-phosphate", "clearfix": ["5-磷酸木酮糖"]}, {"spell": "xenoliths", "clearfix": "捕虏体"}, {"spell": "xyst", "clearfix": ["n.室内运动场，散步小道，有林荫的行人道"]}, {"spell": "xyster", "clearfix": ["n.刮骨刀"]}, {"spell": "xeroses", "clearfix": "干燥剂。"}, {"spell": "xystus", "clearfix": ["n.古希腊室内运动场"]}, {"spell": "xylyl", "clearfix": ["n.二甲苯基"]}, {"spell": "xxvii", "clearfix": "xxvii的"}, {"spell": "xxiv", "clearfix": "二十四"}, {"spell": "xylans", "clearfix": "赛昂人"}, {"spell": "xyphophorus", "clearfix": "木糖"}, {"spell": "xenopodidae", "clearfix": "异种科"}, {"spell": "xylidin", "clearfix": "木糖醇"}, {"spell": "xylophaga", "clearfix": "木棺"}, {"spell": "xerophile", "clearfix": ["n.旱生植物"]}]